doc_id,topic_1,topic_2,topic_3,topic_4,topic_5
substack:introducing-the-objective-standard,0.050613941735433904,0.036299164471962096,0.013201492234185302,0.005969867060598965,0.8939155344978198
substack:just-war-theory,0.4771278333225362,4.8214343853204556e-4,0.00121783327766167,5.387054630206449e-4,0.5206334844982494
substack:enlightenment-science,0.015257989295058108,0.0010188420770628984,0.013155107943090376,0.9206256925093113,0.04994236817547735
substack:anti-muslim-conspiracies,0.41236511343724486,0.007737106398995525,0.00936850313016259,0.09343960665021273,0.4770896703833843
substack:hierarchy-of-knowledge,0.024015967429159936,0.008988341871257724,0.6108242558307533,0.34366057222556706,0.012510862643261783
substack:faith-and-the-founders,0.6371159642029735,0.06445240498871888,0.027524188711430284,0.015369769263248042,0.2555376728336292
substack:tribute-to-iran,0.3412362880592044,0.1747535944105693,0.14399323075902287,0.21308334770096596,0.12693353907023763
substack:a-victory-for-abstract-concepts-of,0.674646281873891,0.02915031300737981,0.04575049833122015,0.012390110174712369,0.23806279661279678
substack:from-the-editor-2,0.0648286550026119,0.8696567641936099,0.012990659505627269,0.04091240971976355,0.011611511578387702
substack:religion-vs-free-speech,0.046646985828315224,0.008160374396025384,0.020141938602377146,0.003829550337219918,0.9212211508360623
substack:getting-more-enjoyment-from-art-you-love,0.4726313779403763,0.057974341047485826,0.25463171920139466,0.20479355689022363,0.00996900492051965
substack:19th-century-atomic-war,0.0013961999464802393,0.0017823860784520228,0.01518868977441316,0.9665587489437131,0.015073975256941638
substack:william-tecumseh-sherman,0.41266864551780136,0.48148240884163657,0.04346015733000536,0.0381586476972132,0.02423014061334325
substack:letters-replies,0.06627136985641163,0.5943500591481998,0.18480512913319688,0.129011596200675,0.025561845661516456
substack:teaching-values-classroom,0.4996982334074289,0.11983378233075662,0.2407929996204027,0.10885933985675342,0.030815644784658064
substack:altruism-the-morality-of-logical-fallacies,0.037029714310556995,0.19747054339666748,0.045561632087155066,0.02742808833198088,0.6925100218736396
substack:the-society-for-military-history,0.7762464522682941,0.11954189736990964,0.02750787185157996,0.05587881565541198,0.0208249628548044
substack:michael-farris-interview-on-fresh,0.6275779042853321,0.2782541146082317,0.019025723598852715,0.014307620252295714,0.060834637255287954
substack:theocracy-and-precedent,0.13772039835752747,0.18202431451266557,0.38666617832170463,0.02560612248018719,0.2679829863279151
substack:notes-on-the-near-eastern-legacy,0.4545973173529828,0.09701698571252305,0.1482003954323582,0.22014412187025748,0.08004117963187864
substack:legitimizing-the-iranian-theocracy,0.29223789652532123,0.03784207780858753,0.0408890616824882,0.11315270041725667,0.5158782635663465
substack:heroes-at-harvard,0.272419973204605,0.10600210272375513,0.10810924475649565,0.07703964767902953,0.4364290316361148
substack:sex-changes-for-freedom,0.7538760130167952,0.04542741399546933,0.05859333784698927,0.018451526043189406,0.12365170909755671
substack:terrorism-and-the-koran,0.09920085346967822,0.02373294717318507,0.010119692575559013,0.004754701997980855,0.8621918047835968
substack:altruism-the-morality-of-suffering,0.16808355110740206,0.1838417285421835,0.019312930268358338,0.021409034440473984,0.6073527556415821
substack:somalia-and-our-tragic-flaw,0.7045932949293624,0.0455615882328271,0.02360053846320997,0.01197392985985634,0.21427064851474414
substack:its-religion-and-altruism-stupid-092,0.17366756121988758,0.09329657973944716,0.030803931133087593,0.010597117694204756,0.691634810213373
substack:of-mice-and-men,0.05284692268942046,0.053547656332756294,0.8068025267689396,0.052223204265509256,0.03457968994337421
substack:its-religion-and-altruism-stupid,0.597384520092382,0.03674004674615885,0.298153667367356,0.0245084297581313,0.04321333603597192
substack:on-a-deluded-america,0.8576013232791878,0.04706243401748768,0.023612366480072988,0.010804324790598127,0.06091955143265332
substack:gay-marriage-and-rights-vs-democracy,0.4201109909923378,0.09142895551063496,0.024079331913666315,0.01477847271646378,0.4496022488668973
substack:the-taliban-can-because-we-let-them,0.4475466522477448,0.02854951278340254,0.027699562316513174,0.011509058630524881,0.4846952140218145
substack:irans-lucky-break,0.07509644849513662,0.35860535204346644,0.029721351869272643,0.012066093132638003,0.5245107544594863
substack:hezbollah-murders-56-lebanese-including,0.3967355933252219,0.026222665809290845,0.018318147368612904,0.012252027525642199,0.5464715659712321
substack:from-the-editor-3,0.12379623962915837,0.6010876050625171,0.030071231857172212,0.07240782350401409,0.17263709994713827
substack:jihad-on-america,0.4526457325100554,0.001666681685577263,0.00257747035628816,0.012131504975931004,0.5309786104721481
substack:letters-replies-2,0.45817865629001336,0.3465212510735537,0.02818586807693266,0.026819472991932044,0.14029475156756846
substack:decline-fall-american-conservatism,0.9103058934672736,0.04751373208257727,0.010916319473106393,0.00806013278197229,0.023203922195070285
substack:as-predicted,0.4534848786761113,0.1471221620316758,0.2250286887255645,0.059943210640531826,0.11442105992611638
substack:how-to-solve-americas-terrorism-problem,0.37119317261073626,0.02290601402089894,0.019694875640563297,0.008698169377960089,0.5775077683498415
substack:relativism-and-religion-vs-the-lives,0.4055390175731051,0.02764791334172472,0.021869227196001234,0.009105965122704208,0.5358378767664647
substack:a-video-from-memri-on-the-arab-and,0.046304290280489734,0.17896473024917178,0.051728624873069805,0.012238830702646914,0.7107635238946218
substack:military-solutions-dont-work-try,0.4958923896875937,0.1024400036030272,0.024860627759802023,0.027299578622225526,0.34950740032735167
substack:a-foreign-policy-of-nihilism,0.4085293246503836,0.11636481818964015,0.2318429833205637,0.02690616241856675,0.2163567114208457
substack:why-our-long-overdue-retaliation,0.052286649883332155,0.7237812454886349,0.010234209587967795,0.007163036623150609,0.2065348584169147
substack:frist-and-company-urge-compromise,0.7620651477352839,0.04294665222238819,0.033669431365036265,0.010884208841507297,0.15043455983578433
substack:religion-would-be-a-hootif,0.3215706750582624,0.0864195135282859,0.25818890219595814,0.08620578734550378,0.24761512187198967
substack:reply-to-a-question-about-targeting,0.3290192826465408,0.5302830767146515,0.01829355939408265,0.04707473779512694,0.07532934344959816
substack:government-to-american-enterprise,0.4739264087242446,0.10756324005609663,0.23493225823952213,0.035669108140803873,0.1479089848393328
substack:the-military-doctrine-of-altruism,0.7276559740471055,0.08777257126062023,0.07667263200911408,0.0171985350031367,0.0907002876800235
substack:condemn-the-power-of-eminent-domain,0.8775963185412348,0.05695867731457028,0.01340998263517486,0.010129128219391702,0.04190589328962816
substack:notes-on-the-coming-election,0.2306237295687651,0.5300612321033907,0.04331928760713989,0.039563462734475835,0.15643228798622855
substack:insulting-our-soldiers-vs-sacrificing,0.14617105349848034,0.04772941613211556,0.6654749439711127,0.025815447219218426,0.11480913917907296
substack:tragedy-of-theology,0.7582809648466048,0.10583603690270074,0.03191320850238085,0.0392506701747147,0.0647191195735988
substack:from-the-editor-winter-20062007,0.19454606918368278,0.5870369715253833,0.019299845920176244,0.05667741682527307,0.14243969654548455
substack:no-substitute-for-victory-the-defeat-of-islamic-totalitarianism-2,0.55963740924689,7.964518264265805e-4,0.0034478323334227986,6.225282588403513e-4,0.4354957783344201
substack:assault-on-self-esteem,0.7044370708442738,0.03500871748787998,0.1765155993330192,0.033716012718233504,0.050322599616593584
substack:mr-jekyll-dr-house,0.05257111091915611,0.2593346087433099,0.11046934237998594,0.5690224903912127,0.008602447566335679
substack:property-and-principle,0.8261960702363026,0.11076887124092243,0.01612411273932223,0.014438677379949472,0.03247226840350331
substack:winter-issue-of-tos,0.170718805810385,0.6771603994397625,0.040204675345253474,0.020014090125938817,0.09190202927866035
substack:the-real-key-to-fixing-science-education,0.3073717334242403,0.0725728030488373,0.40909472471453184,0.18086534483784644,0.030095393974544252
substack:the-power-of-observation-from-art,0.024953266667367035,0.8011757544629305,0.1302358373450883,0.026403073659385972,0.01723206786522788
substack:p-is-for-pajama-party-or-paragraph,0.04785470424337992,0.16683099890645642,0.7289009500865726,0.03247831638669147,0.023935030376899775
substack:the-homework-lie,0.05139149886151223,0.031887630936647454,0.86733123012761,0.029060051920542118,0.020329588153688023
substack:the-homework-lie-part-2,0.028599026916946085,0.019486718218851066,0.9137273056320688,0.018828835144029655,0.01935811408810428
substack:pattern-recognition-vs-real-understanding,0.01905074397358614,0.023617274422675878,0.9236098156005808,0.019058063662758796,0.014664102340398277
substack:the-imperative-of-lecturing,0.029405371074059536,0.03212465775668302,0.7253098942753111,0.08236889044376414,0.13079118645018245
substack:writing-and-understanding,0.044628301526222096,0.11806355405366731,0.6059327587521613,0.19784642615742634,0.03352895951052299
substack:life-in-junior-high,0.13511251942725816,0.053473317111294966,0.7018661916426855,0.03870083898836802,0.07084713283039319
substack:life-in-junior-high-part-2,0.03420728568874335,0.1705270614616969,0.7449836175286263,0.029393432676168726,0.02088860264476464
substack:rex-barks,0.09160722650171794,0.10009497991725107,0.6949431411944987,0.0820147221122919,0.031339930274240424
substack:letters-replies-3,0.11753565827097402,0.7971339389010802,0.01214120933849393,0.012932819652687805,0.06025637383676387
substack:from-the-editor-5,0.3400138540851343,0.5222884144344001,0.02027514170832105,0.014794686723965136,0.1026279030481792
substack:forward-strategy-for-failure,0.7130903634947324,0.1391227046759947,0.024846353607444385,0.019466614301017166,0.10347396392081146
substack:induction-experimental-method,9.245710817711816e-4,8.278405167646156e-4,6.949101002247899e-4,0.9973125362398599,2.4014206137855097e-4
substack:rise-fall-greek-justice,0.2124047500663307,0.05822576007493958,0.45992621510140286,0.23652181772839326,0.03292145702893363
substack:on-second-thought-gmu-refuses-to,0.6638548114494693,0.1571012494270878,0.02391233593281376,0.024591835815452923,0.13053976737517636
substack:the-vandamme-academy-curriculumon,0.055459319756722504,0.08221021903151994,0.6147760689494367,0.22192870767182132,0.025625684590499697
substack:the-failure-of-field-trips,0.03628596163779212,0.049816803077829326,0.8305183445128513,0.05859188219698822,0.024787008574539325
substack:from-the-editor-6,0.3300190155043915,0.5636572237601067,0.019390722941781673,0.011970270183798485,0.07496276760992171
substack:neoconservative-foreign-policy,0.5974715265213866,0.0014045894365427383,0.003578747242125969,7.55342659515295e-4,0.3967897941404294
substack:balm-guilty-conscience,0.07636031517878604,0.8115161487521685,0.03218297144509139,0.022544539620536562,0.05739602500341756
substack:letters-replies-4,0.017828870612851856,0.050759303935341,0.07840514917428973,0.14052342683881114,0.7124832494387062
substack:false-promise-classical-education,0.23366292150282697,0.278388050767368,0.3203426379692147,0.13550065369622225,0.032105736064368263
substack:the-writing-process-one-step-at-a,0.09831675176462935,0.03255133444314864,0.7907656920079761,0.052348852596442286,0.02601736918780349
substack:the-vandamme-academy-field-trip,0.1503818569385741,0.11003738430843366,0.5035286471060919,0.20463038544866452,0.03142172619823576
substack:doctor-defends-freedom-in-medicine,0.4598522789392903,0.42848320838349496,0.023416665460316777,0.041344446191490115,0.046903401025407715
substack:the-false-promise-of-classical-education,0.05369713516772765,0.8620893055485145,0.03230802862543716,0.026092299225700465,0.025813231432620348
substack:the-rushdie-fatwa-and-religion-vs-free-speech,0.4842805991385744,0.030032221182315154,0.02047493527531087,0.009769695279839419,0.45544254912396026
substack:mediocrities-hold-their-ground,0.04632944329427381,0.281629893798514,0.3199084182862891,0.05810433328077357,0.29402791134014966
substack:from-the-editor-7,0.12341641741897705,0.6301399194208871,0.06385998587466414,0.1419339544282304,0.04064972285724118
substack:morality-of-moneylending,0.644358181350477,0.0015098386794447404,0.04111286447620949,0.05109029361448557,0.26192882187938327
substack:how-to-analyze-and-appreciate-paintings,0.026462731356355067,0.07789219320255834,0.8162479832336291,0.07020194956980721,0.009195142637650084
substack:the-bush-administrations-latest-deadly,0.5506306941714714,0.028158499609027384,0.017959194442322635,0.0082392096851349,0.39501240209204386
substack:regarding-the-economic-costs-of-my,0.4941118887220907,0.24088409112918835,0.0839978742652619,0.030836438632936763,0.15016970725052228
substack:exploit-the-earth-or-die,0.04293058333869297,0.05607700559837861,0.04097634694682342,0.10063859428798438,0.7593774698281206
substack:journalistic-jabberwocky-the-classificatory,0.13878847010775214,0.42720585931572347,0.031494606771162996,0.016313962662591174,0.3861971011427702
substack:the-economics-and-ethics-of-moneylending,0.626756331851298,0.06818644358473024,0.18007062110709005,0.056947817605128556,0.0680387858517532
substack:religion-and-relativism-the-axis,0.2021422289338013,0.0470976720931392,0.023149279844304555,0.008987196726601362,0.7186236224021536
substack:more-on-ahmadinejads-forum-at-columbia,0.362207655828009,0.18292032987978518,0.10487061208905825,0.018863220152412957,0.33113818205073464
substack:the-first-day-of-school-vandamme,0.03373020758584726,0.030493778957063313,0.8668094801298367,0.04589078649291251,0.023075746834340275
substack:good-press-for-objectivism-and-atlas,0.032028255348650475,0.8508098936920228,0.07682879727845086,0.03270747084943096,0.007625582831445443
substack:yesterdays-highlights-success,0.030581966424945067,0.4778042549757635,0.3920737596777337,0.07891201222208898,0.020628006699468585
substack:scrutinizing-scrutons-scrutinizing,0.04725460010165466,0.4635928192557524,0.018753212757109262,0.01634127603236621,0.45405809185311735
substack:deep-six-the-law-of-the-sea,0.8010491553605148,0.08953152319690194,0.016127479380089765,0.012990232597278079,0.08030160946521565
substack:from-the-editor-winter-20072008,0.5796374774040337,0.2831410290111445,0.020186313672081294,0.026337617392396935,0.09069756252034357
substack:letters-replies-5,0.21796175169113938,0.41070017995294256,0.017215618835682813,0.012090389575161273,0.3420320599450739
substack:american-victory-over-japan-1945,0.9469384765678192,4.386721825534843e-4,0.00224892292546768,0.0011475433135030991,0.04922638501065667
substack:instrumentalism-american-tort-law,0.2604304574869103,0.34408449889867215,0.06222393801602732,0.2810344916304587,0.05222661396793162
substack:moral-vs-universal-health-care,0.8352949142806081,0.03213251115147387,0.027667291122128835,0.018527297248717444,0.0863779861970718
substack:yesterdays-highlights-stories-from,0.024680070757907308,0.32884695018903454,0.6061232176113645,0.023467408163335257,0.016882353278358377
substack:predatory-legislating,0.6755251867455203,0.21732569325242962,0.02786584805454284,0.022443971407767976,0.05683930053973935
substack:health-care-moral-rights-and-selfish,0.21165055456473741,0.29795300448811557,0.03131735188239316,0.020357811980624585,0.4387212770841293
substack:letters-replies-6,0.06299916222498772,0.7170279233755705,0.15300051070579146,0.03709815119667222,0.029874252496978226
substack:alistair-maclean-novels,0.42952705136954494,0.3279622802937602,0.06247844942982003,0.1712054000051155,0.008826818901758968
substack:from-the-editor-9,0.05391236731048679,0.4836858031379989,0.02050071125786887,0.2664853589032319,0.17541575939041346
substack:immigration-individual-rights,0.0918943681068004,0.0011725975189143779,0.001509952776980088,5.823168179000365e-4,0.904840764779405
substack:friedrich-visual-romanticism,0.03774685760793554,0.28795092005909356,0.3676479238109933,0.2864755090957349,0.020178789426242724
substack:newton-universal-laws,0.0010323594525927524,3.460019041808532e-4,5.731329656130801e-4,0.9978476118365068,2.0089384110625442e-4
substack:darwin-discovery-evolution,0.04371426444973465,0.0016990798956713917,0.17095617596167315,0.7827114756002512,9.190040926699425e-4
substack:free-speech-vs-mccain-and-company,0.4083289988951132,0.5243003118944506,0.012626338316592413,0.010370379907084734,0.0443739709867589
substack:rational-strings-are-good-things,0.006281741396328269,0.13024577834549295,0.29723553697279664,0.005784702036621197,0.5604522412487609
substack:more-on-the-propriety-of-donations,0.08897125161080924,0.052007260821326284,0.7687687075410353,0.01757556854954823,0.07267721147728094
substack:heidi-moores-argument-from-intimidation,0.23426158085639495,0.4534201998160461,0.12552020610982945,0.04584011613743113,0.14095789708029832
substack:an-interview-with-lisa-vandamme-on,0.03393797813873069,0.6228826075186162,0.2868200480472224,0.03497188905890635,0.02138747723652447
substack:rational-egoism-in-ayn-rands-the-fountainhead,0.014744962408009852,0.9415851466954611,0.01843694394966191,0.020813743638590485,0.004419203308276236
substack:from-the-editor-10,0.2009671487182062,0.5855259599157768,0.017723440374036174,0.1758077084484906,0.019975742543490074
substack:standard-oil-company,0.8817589149958901,8.628558408492571e-4,0.0740972694381081,0.042535518952339146,7.454407728138652e-4
substack:newton-proof-atomic-theory,0.002047787805345505,4.1149787948744005e-4,5.013690455321973e-4,0.9968517955637205,1.8754970591413608e-4
substack:property-rights-electric-grid,0.5055300307180658,0.09919196955811492,0.05427533968028602,0.3230551111753823,0.01794754886815067
substack:from-the-editor-11,0.35042478925406795,0.5218997089308822,0.01588667340703297,0.011916020406678806,0.09987280800133792
substack:resurgence-big-government,0.5705636175102807,0.0024476922555885117,0.01868470390563481,0.001658330711825745,0.40664565561667015
substack:mystical-ethics-new-atheists,0.0025954815234226426,0.012815235979150866,0.07446899721953903,0.060860388257256204,0.8492598970206311
substack:john-agresto,0.49934733000405135,0.018069103917581715,0.1080253310121071,0.055470190789631536,0.3190880442766283
substack:menace-of-pragmatism,0.11409235980324972,0.03743050145538585,0.2838230424987018,0.07607247658138507,0.48858161966127756
substack:math-magic,0.10994560147694751,0.06375374342994254,0.6729597248969681,0.09606939988910429,0.057271530307037515
substack:urgent-oppose-bailout-of-wall-street,0.7055560467655128,0.06747403085038849,0.04396394288303265,0.01428912860402384,0.16871685089704241
substack:americas-anti-america-candidates,0.33382646278070544,0.028391268149834434,0.023406767604376596,0.008691780085340677,0.6056837213797429
substack:capitalism-moral-high-ground,0.04617664975286443,0.002383319483886277,0.0025492838340969424,0.0011216753575025674,0.9477690715716498
substack:from-the-editor-winter-20082009,0.04566318698405046,0.6317549161103189,0.013741834231877529,0.00973186256926137,0.29910820010449163
substack:inductive-reasoning,9.873967690375758e-4,7.284624105459726e-4,0.001193869800981277,0.9966291472798106,4.611237396248209e-4
substack:letters-replies-7,0.24980149162668763,0.4091728942969179,0.03691838011357968,0.22957358023150554,0.07453365373130909
substack:isaac-newton,0.04612978096146904,0.0987453999882803,0.060070650040215584,0.7665038298609885,0.02855033914904648
substack:life-after-vandamme-academy,0.04275232011796117,0.3747120951662429,0.511080359344242,0.047461897799411165,0.023993327572142807
substack:rational-science-versus-sacrificial-politics,0.4646466906726195,0.2738807735108952,0.028112571826864288,0.16883867828654897,0.06452128570307199
substack:ayn-rand-atlas-shrugged,0.024556670740643712,0.9431362736483223,0.005340215083905466,0.0040442420126739,0.022922598514454714
substack:from-the-editor-13,0.059607734570439184,0.8824016820808647,0.01518492780530906,0.008703053739144586,0.034102601804242585
substack:religion-vs-subjectivism,0.026173452358209774,0.0012090924253221013,0.16094302784863126,0.02183107915318014,0.7898433482146567
substack:does-my-child-know-grammar-better,0.2985249273697256,0.18847640551327846,0.4347525962908803,0.04005535800344031,0.03819071282267532
substack:a-tea-party-without-egoism-is-like,0.183701754150047,0.11725229248423176,0.03508579038508691,0.009654769536137456,0.6543053934444969
substack:the-seals-have-done-what-god-could,0.30452709166353575,0.3491059031348496,0.027809303891833018,0.013282795151834474,0.30527490615794695
substack:a-snapshot-of-obamas-obscene-foreign,0.4146565357038694,0.3282595277113446,0.02336350069314627,0.01660285923506695,0.21711757665657275
substack:help-fight-for-a-future-of-reason,0.04270559527031476,0.8347690266235509,0.029614893008630377,0.010068420949780617,0.08284206414772309
substack:leftist-fantasy-vs-the-true-story,0.5603345925200292,0.34156411477783766,0.02025292402067956,0.027744632044804922,0.05010373663664864
substack:jonathan-hoenig-interview,0.0715450752122152,0.8809015787587512,0.017892090537190597,0.014445082853231022,0.015216172638611558
substack:from-the-editor-14,0.3061342888520515,0.5979364181611297,0.015729272889901565,0.013353631619644993,0.06684638847727213
substack:is-ought-gap,0.00701106290890364,0.004415298583239661,0.13966595827776965,0.10350966163907842,0.7453980185910086
substack:original-alternative-energy-market,0.38996251309203855,0.23392299076877243,0.10997028693394392,0.23189995357282886,0.0342442556324162
substack:nyt-article-on-bb-and-t-john-allison,0.05448112210855947,0.5693025740248752,0.14565856146674186,0.04576528473014896,0.18479245766967442
substack:the-health-care-bill-what-hr-3200,0.035992523355706345,0.7770370891500434,0.011937459685158691,0.006183791172995486,0.16884913663609616
substack:from-the-editor-fall-2009,0.1635993182572818,0.5483971737278784,0.008913248679367993,0.00848853880111902,0.2706017205343527
substack:the-whole-foods-alternative-to-obamacare,0.42033860950035723,0.4716422488306681,0.03986947792907493,0.01650689729787873,0.05164276644202108
substack:how-morality-is-grounded-in-reality,9.900646123191979e-4,0.0013778498262607864,0.0035135362614981303,0.005861738010902091,0.9882568112890199
substack:creed-of-sacrifice-vs-land-of-liberty,0.29786543169020985,0.005314968151187616,0.012612014671697013,0.0026667934571063517,0.6815407920297992
substack:letters-replies-9,0.8518308200885308,0.06747733280895021,0.012436999264993233,0.00995398930500962,0.0583008585325161
substack:rise-of-american-big-government,0.16013244555267908,0.7459490908918026,0.011553793049390514,0.010187659121542646,0.07217701138458506
substack:an-unwinnable-war,0.7307920640030235,0.034218777080508384,0.04159313740277127,0.004977000808879587,0.18841902070481728
substack:snowball-warren-buffett,0.43195349944521,0.04886124428336099,0.4189706795562154,0.07057261120524279,0.02964196550997079
substack:net-neutrality-means-an-unfree-slow,0.12799862414793278,0.5389042411680469,0.03538307038620322,0.23703923777101202,0.06067482652680503
substack:praying-wont-make-it-so,0.12406535189301862,0.11154358254535983,0.25109742020727394,0.39851437417533203,0.11477927117901568
substack:the-best-option-for-the-public,0.3964779534782652,0.32918175655028203,0.18444870925624135,0.02048337434710582,0.06940820636810557
substack:lin-gilberts-rationing-story,0.4620267590470465,0.03833781476047803,0.4185951477352756,0.017272081154969077,0.06376819730223098
substack:from-the-editor-winter-20092010,0.5127059956521716,0.32946076324404305,0.022316196966771413,0.01883824716429649,0.11667879697271744
substack:objective-moral-values,0.0018705303871266676,0.0019635685932681817,0.407303803713546,0.011503582806805147,0.5773585144992539
substack:letters-replies-10,0.30004962175402783,0.4732324420808087,0.01790290000881003,0.012440350462271387,0.19637468569408215
substack:ca-coastal-commission,0.12404308464972026,0.7356263174271239,0.012549402836014821,0.009432474720211996,0.11834872036692899
substack:christopher-horner,0.4055528397631358,0.18256810601983445,0.05452838503248525,0.2424324539195302,0.11491821526501413
substack:the-missile-gap-and-the-morality,0.15333182916279783,0.42410567507863706,0.05248006227063791,0.3129002184311774,0.057182215056749724
substack:force-versus-egoism-and-happiness,0.09342961176933806,0.32009711496244175,0.013840975184063256,0.00877620085102682,0.5638560972331301
substack:virtue-and-the-realization-of-human,0.043340911395760504,0.8396329492385727,0.011043062377048265,0.006580435968884597,0.09940264101973412
substack:from-the-editor-spring-2010,0.1318354441570777,0.7437518066090109,0.01028037962839709,0.02525054504017182,0.08888182456534258
substack:letters-and-replies,0.5615001159704578,0.2865336512702039,0.038427319557857255,0.07908271422634058,0.03445619897514017
substack:edward-cline,0.5540268564415665,0.3266412565327501,0.05774534756586388,0.05481579633356166,0.0067707431262577136
substack:george-and-sharlee-mcnamee-fight,0.6296635614895361,0.14455089933717377,0.055873501038344,0.017307344363095983,0.1526046937718502
substack:evolutionary-theory-and-the-global,0.13113610278032026,0.40483365765381174,0.11193700600511862,0.32307250339882704,0.029020730161922314
substack:periodic-table-of-the-sciences,0.03480139677387854,0.3698913022930284,0.0827359857139506,0.4941159713856862,0.01845534383345609
substack:dr-hendricks-from-atlas-shrugged,0.09237781175011311,0.03029063406090244,0.8017916196906919,0.013127550599023275,0.0624123838992693
substack:more-clarity-from-the-obama-administration,0.5527001012664531,0.2602504814438965,0.10148379585240615,0.021618667524193554,0.0639469539130507
substack:the-government-may-soon-control-all,0.5060514614976938,0.05666853003498374,0.15730930548675226,0.027574054296006765,0.2523966486845636
substack:everybody-draw-mohammed-day,0.5019757307626633,0.22332054853313826,0.019745741302501552,0.011989793005683078,0.24296818639601364
substack:obama-on-american-democracy,0.6859656082123324,0.03154300717541994,0.0304025436038857,0.0113579495531567,0.24073089145520515
substack:from-the-editor-summer-2010,0.011532392532494787,0.8730334088347648,0.03006682111726457,0.07498507133418868,0.010382306181286776
substack:israel-america-gaza-flotilla,0.036136126191651456,0.912306153489439,0.00802102992050177,0.005281348149857552,0.03825534224855033
substack:today-is-everybody-draw-mohammed,0.2502461725522253,0.44158962108942623,0.030676649745214866,0.014981179095603814,0.26250637751752975
substack:dae-jang-geum,0.09809385080372486,0.044700032903218515,0.8489087659866149,0.005413396627426986,0.002883953679014622
substack:anthony-daniels-ayn-rand,0.13735955443159012,0.5061039802394928,0.04130727186110609,0.2519274360418903,0.06330175742592076
substack:the-right-to-immigrate-and-the-legitimacy,0.1505377185723102,0.024297435304199748,0.0045561879463226415,0.002548775868854905,0.8180598823083125
substack:john-allison,0.26808427624732134,0.6709118997605746,0.024656647497415345,0.020814102830584057,0.015533073664104962
substack:from-the-editor-19,0.13288537117276022,0.7243582712080988,0.016183141403250608,0.014260969663088232,0.112312246552802
substack:ground-zero-mosque-spread-of-islam,0.033158749774253336,0.8825620116034552,0.008007910636565153,0.0052786243470592424,0.070992703638667
substack:british-industrial-revolution,0.057694137147903994,0.8944750519505776,0.01761531006770899,0.014714529733981735,0.015500971099827569
substack:law-averages-sam-savage,0.781369913753915,0.04460567769871528,0.08360742902731087,0.03940293984608643,0.05101403967397254
substack:john-david-lewis,0.874703664680814,0.05086687726297944,0.03026010658230092,0.027267563636203012,0.016901787837702784
substack:six-clarifying-quotes-on-honesty,0.07152717776410825,0.1850507720608219,0.15997125468976828,0.03601885100660606,0.5474319444786956
substack:should-tea-partiers-abandon-or-embrace-ayn-rand,0.10223517669936376,0.6957309167179029,0.023189844211322024,0.07313946130974795,0.10570460106166343
substack:vladimir-shlapentokhs-flagrant-dishonesty,0.05386352092010034,0.6995950939441158,0.029351492861312292,0.04708525100742667,0.17010464126704497
substack:independence-vs-second-handedness,0.0027128755840308562,0.0046645907455756894,0.1709459882513992,0.045012917855007,0.7766636275639873
substack:andrew-schiff,0.13903450561319733,0.7726343686183588,0.05071100728842891,0.019352038817909693,0.018268079662105564
substack:essay-contest-winner,0.02967799663329363,0.9346009472410592,0.0063964866361982085,0.005050961430988867,0.02427360805846021
substack:from-the-editor-20,0.19446133100405016,0.7697512005465849,0.01617180960150483,0.010013667231073676,0.009601991616786432
substack:letters-replies-12,0.06616611016059368,0.7197530517322835,0.017498062935216253,0.014127831323200992,0.18245494384870545
substack:republican-opportunity,0.032378864948022605,0.930939489641362,0.006389112103029761,0.004705597075003904,0.025586936232581795
substack:waiting-for-superman,0.06451073951629678,0.4745625340519118,0.39594254621494784,0.03217407085097859,0.032810109365865224
substack:james-w-thomas,0.05973135596242481,0.30637835579794254,0.555115957066751,0.06588634104997766,0.01288799012290399
substack:burzynski,0.05893512449511156,0.5730221334151676,0.29614142967887985,0.06312196454979904,0.00877934786104138
substack:the-beauty-of-ayn-rands-ethics,0.0026264054858766363,0.006323966881889887,0.04052651615054265,0.005315951441350813,0.94520716004034
substack:harmon-kaslow,0.08219798220757528,0.7860103217679751,0.055564702169503856,0.07038298672153731,0.005844007133408463
substack:from-the-editor-21,0.023155289824198184,0.8469323572760324,0.07862101321375546,0.010288170789984761,0.041003168896028994
substack:letters-replies-13,0.07031890222898557,0.39700424823651426,0.03887104862566326,0.01591057616776037,0.4778952247410766
substack:philipines-communism,0.09418165123568745,0.8510711709952163,0.009656584540260275,0.006961972049691253,0.038128621179144596
substack:atlas-shrugged-economics,0.3514476932749424,0.001955947206607523,0.5358694317679199,0.025243298123533136,0.08548362962699692
substack:avner-mandelman,0.09820025169477804,0.28924232135630706,0.5104453868661262,0.06839610254857639,0.03371593753421233
substack:chernobyl-schmernobyl-the-japanese,0.4278288804722553,0.02546149697251972,0.30891840269780785,0.1648239118336796,0.07296730802373776
substack:a-teal-movement-in-iran-could-be,0.03368336596684945,0.7957058507420008,0.009662099286959462,0.005663210336801622,0.15528547366738854
substack:interview-with-sean-saulsbury,0.010786339134125038,0.44005678116041036,0.5392382283893736,0.006101925788349146,0.0038167255277420783
substack:from-the-editor-22,0.11730523028948706,0.49218388746091635,0.022124408002407784,0.008937762048313253,0.3594487121988756
substack:john-david-lewis-2,0.19157179914328815,0.7543768479054715,0.009549769814739933,0.007244625472581604,0.03725695766391884
substack:reza-kahlili,0.02965746873218254,0.9147814385436479,0.007075343259234368,0.004705623047278006,0.0437801264176573
substack:iranian-saudi-regimes,0.3325056050000814,0.002904654770335017,0.002231081729051004,9.804978324334049e-4,0.6613781606680992
substack:letters-replies-14,0.09443767892478401,0.6223131961792483,0.16878829003667556,0.06932352205573235,0.04513731280355957
substack:joshua-foer,0.22879870874131925,0.2590118507191007,0.2681583526627372,0.23381245617766014,0.010218631699182681
substack:his-dark-materials,0.6147485153228235,0.1526358830324577,0.07375185388452794,0.14849678261132393,0.010366965148866538
substack:geert-wilders-is-not-brave-enough,0.05824837486915415,0.03145425474493024,0.01882225172681454,0.0045218310659381,0.8869532875931628
substack:interview-with-karl-kowalski,0.026449094576340516,0.8106445920978843,0.11738478573358903,0.02496659830398446,0.020554929288201813
substack:john-bolton-3,0.03646929402930965,0.8876439284357103,0.00789686302017601,0.00534437678754726,0.06264553772725695
substack:sandra-j-shaw,0.4201517852411996,0.34099535720992685,0.16031780146352761,0.0687416174107097,0.00979343867463651
substack:ayn-rand-theory-rights,0.006376456826787646,0.0019731786281952128,0.0014123539949640273,0.01799064946676908,0.972247361083284
substack:from-the-editor-23,0.5880931821434112,0.08893271763175062,0.017417682764935372,0.010439857573676712,0.29511655988622615
substack:ayaan-hirsi-ali-2,0.204318393720057,0.15332763665718022,0.17145918714513583,0.020982840100711633,0.44991194237691534
substack:letters-replies-15,0.2742762695259419,0.4947270406437762,0.023436307207227502,0.01218688238358345,0.19537350023947095
substack:tony-hsieh,0.390652568617381,0.4286403833679594,0.08747397904031194,0.03312413530444981,0.06010893366989777
substack:dick-van-dyke,0.013515183754879416,0.9529717462027443,0.014915502138635744,0.01576428949590637,0.00283327840783405
substack:captain-america,0.020749462257871294,0.9394234819284365,0.017947685236622258,0.018404063938560408,0.0034753066385091722
substack:of-saudi-savages-and-american-children,0.5033871111106134,0.01341074225059182,0.009523192146664866,0.003667019988414925,0.4700119345037149
substack:dont-say-grace-say-justice,0.03429928033690899,0.09439173394992041,0.23110450231085183,0.0072660922849131435,0.6329383911174056
substack:essay-contest-winner-2,0.04885281263474547,0.91642165196612,0.007209343571873086,0.00578152613781289,0.021734665689448398
substack:linda-mann,0.028538496102820148,0.8443924908651854,0.04231224359735171,0.07913461820609502,0.005622151228548049
substack:from-the-editor-24,0.03875484158061952,0.9075177909142258,0.009256660974132375,0.005885197515529456,0.03858550901549304
substack:letters-replies-16,0.04098950250069417,0.4527326180243913,0.037854612372960436,0.0463606971283989,0.42206256997355523
substack:purpose-of-government,0.04732676159354036,0.8372926659484431,0.009268431151567736,0.00578080074088455,0.10033134056556438
substack:charles-bradlaugh,0.5897843756205452,0.34162828529248807,0.01806930703759663,0.010931317118462612,0.039586714930907554
substack:greg-perry,0.44767428143720045,0.18989451571959978,0.020105638739141406,0.010918062303580507,0.33140750180047773
substack:steve-jobs,0.30856999225250326,0.2437118495534187,0.37137668387445144,0.06699638286065343,0.009345091458973283
substack:liker-ogden,0.6481910103858923,0.290770501799064,0.018364849408377088,0.011228748094438,0.03144489031222875
substack:never-count-a-good-author-out,0.33088471349801385,0.44768217283395745,0.04811341799570603,0.16543530683395244,0.007884388838370303
substack:interview-with-clare-m-lopez-on-islam-and-the-enemies-of-america,0.5642106856206219,0.02590965881653479,0.007039826811977809,0.0019766236883954126,0.40086320506247
substack:who-deserves-credit-for-tebows-316,0.15717347573800342,0.17143519045999264,0.4191473356883838,0.15929631773015882,0.09294768038346138
substack:interview-with-peter-huessy-on-us,0.13003638834878092,0.7481231746283287,0.010315758775526068,0.007025013258721505,0.10449966498864303
substack:gingrich-seeks-to-violate-rights,0.03693455006025665,0.7756296956811124,0.010014980321576892,0.005664034415223302,0.17175673952183088
substack:have-a-selfish-randsday,0.007057367765461642,0.16421802514918424,0.01441608475766118,0.0044963484072688435,0.8098121739204241
substack:message-to-gov-christie-and-his-critics,0.03408729865046115,0.8666655397514137,0.008889183735442851,0.005267321629650569,0.08509065623303182
substack:interview-with-cynthia-farahat-on,0.04415907576571354,0.8683316825289444,0.008578535557181842,0.005542789280146664,0.07338791686801356
substack:a-vital-truth-for-valentines-day,0.007922651343759631,0.007087555120121708,0.5679247661716164,0.009017613787094762,0.4080474135774076
substack:ignore-santorums-depraved-prescription,0.03458865784140005,0.09153040938833541,0.44889075317305,0.011819264842842667,0.41317091475437195
substack:everyone-pays-when-birth-control,0.08778001058438253,0.14629915288652223,0.03541958887485604,0.01055761846813551,0.7199436291861038
substack:from-the-editor-25,0.0771356441633169,0.8119740892006938,0.012410534505352927,0.009545494229541408,0.08893423790109518
substack:john-david-lewis-3,0.1370205851689923,0.46012001882415027,0.22449298666934778,0.02547588574565397,0.15289052359185576
substack:individualism-collectivism,0.06569636869738583,0.024830157877012385,0.03551507925914358,0.011238475718001005,0.8627199184484571
substack:boaz-arad,0.04558677097307761,0.9160035365962913,0.0077847539809663205,0.005415477408360115,0.025209461041304657
substack:review-robert-r-reilly,0.12419614120591033,0.09940019698594274,0.10949903888837519,0.21480827114081247,0.4520963517789594
substack:letters-replies-17,0.03634337160997133,0.4643884792646772,0.016245327229348617,0.008003415103395063,0.4750194067926079
substack:elizabeth-price-foley-the-implication,0.40450852112457164,0.3574142073072958,0.02170440655062762,0.012840663125749925,0.20353220189175505
substack:supreme-court-properly-slaps-down,0.13694259602402462,0.6908920560335051,0.013116741496043655,0.008475416529645525,0.15057318991678106
substack:mandatory-dna-testing-for-newborns,0.2621271731435439,0.30362259068201924,0.182786267135562,0.046648886239879166,0.20481508279899566
substack:obamas-attack-on-the-supreme-court,0.20986255122686323,0.7157956791287171,0.011246807389836546,0.008014293690306014,0.05508066856427719
substack:soviet-mass-murder-for-fun-and-games,0.43541063144372155,0.3537422778561181,0.03463403373108464,0.018324910813593796,0.15788814615548194
substack:week-in-review-for-april-21-2012,0.46034903513896813,0.2910854487474935,0.0642388204039448,0.09739315854391555,0.08693353716567816
substack:repeal-dont-amend-the-renewable-fuel,0.6239948630196711,0.12961871876964276,0.05695710803147998,0.1465648446622483,0.04286446551695783
substack:washingtons-spending-problem-and,0.14536768063952588,0.7995501849577735,0.012568494087459088,0.007920053708660123,0.03459358660658129
substack:who-the-hell-is-julia-toss-week-in,0.26231855813440796,0.35715462381040947,0.27195450982111047,0.016622781931149442,0.09194952630292279
substack:congress-should-reject-obamas-to,0.09386700243144534,0.7950487182957963,0.011727546157180085,0.0077109671020898765,0.09164576601348844
substack:the-difference-between-voluntary,0.4265590762347614,0.0475820361093271,0.44708929285009075,0.023653911732039404,0.055115683073781556
substack:sam-harris-couldnt-help-but-smear-ayn-rand,0.03370052018757649,0.08118817751777044,0.010838177829326225,0.004162064002987383,0.8701110604623394
substack:steve-simpson,0.34409672743201725,0.5488161406519702,0.019096744669187777,0.017384946164396446,0.07060544108242815
substack:film-valor,0.4298698542211754,0.17120878710028894,0.20131463440165542,0.013530092540012893,0.18407663173686736
substack:atlas-shrugged-ayn-rand-morality-egoism,0.0014877243656934817,9.665938249404065e-4,0.13230378893081268,0.001883097422697888,0.8633587954558556
substack:from-the-editor-26,0.20326337803079744,0.6196018807967686,0.015305379446260736,0.010984697840383136,0.15084466388579004
substack:how-would-govt,0.07774510833288524,0.002004529709329178,0.027109196820700208,0.001220627672048329,0.891920537465037
substack:bryan-larsen,0.03687887510946384,0.8474066006429034,0.07087349920526306,0.039248987202733815,0.005592037839635648
substack:marine-returns-to-beautiful-surprise,0.028686859584554046,0.713860742158883,0.20607624149774761,0.02472324019468354,0.02665291656413204
substack:the-sentencing-of-dharun-ravi-judges,0.0432969074592049,0.8385557311619448,0.01218983654737973,0.00946284502285966,0.09649467980861104
substack:obama-should-defend-doc-who-located,0.045800520499029024,0.7257218473959414,0.011212461035406457,0.006664106104499042,0.2106010649651241
substack:clockwork-angels-showcases-rushs-pride,0.03991528056305385,0.3389148056306282,0.17112647827759905,0.44309657524427093,0.0069468602844480285
substack:political-left-and-right-properly-defined,0.006422163494557357,0.0021082993528440935,0.0014684241804354286,5.240281444903247e-4,0.9894770848276727
substack:science-vs-environmentalism-exhibit,0.049325465233092135,0.04546645040759114,0.06512028565722414,0.8254809708796218,0.014606827822471047
substack:obamas-way-vs-the-american-way,0.308191195727633,0.04746169316204608,0.5119044490863551,0.01583148024568901,0.11661118177827688
substack:two-questions-for-advocates-of-obamas,0.31090024399308946,0.035018742022418364,0.10990848076185593,0.012993344305085017,0.5311791889175513
substack:romney-ryan-2012ayn-rand-forever,0.2261669066811118,0.6405621659813096,0.025431644081745988,0.02933297358797518,0.07850630966785756
substack:further-thoughts-on-why-objectivists-should-actively-campaign-for-romney-ryan,0.05954903611060689,0.4865618931527551,0.31066012021846207,0.019987009874723044,0.12324194064345291
substack:curt-levey,0.7575347702221483,0.07483165207689368,0.018055449733497327,0.010067184004372532,0.13951094396308822
substack:romney-addresses-entitlement-mentality-misses-fundamental,0.57577001688203,0.20497916332500293,0.020086758956094637,0.010855317917620323,0.18830874291925206
substack:religion-versus-morality,0.7417867272039034,0.031300367168446336,0.01477501741890202,0.007208773123158003,0.2049291150855904
substack:ayn-rand-americas-comeback-philosopher,0.0011799475698620753,7.39552691743247e-4,5.902164091398154e-4,1.711333882326142e-4,0.9973191499410223
substack:from-the-editor-27,0.06936290487619627,0.8003427921741801,0.00948844115661412,0.007304578854888159,0.11350128293812137
substack:letters-replies-18,0.0675093825850806,0.742637158663685,0.041511197272913865,0.1167230440737198,0.03161921740460073
substack:open-letter-to-paul-krugman-re-intellectual-impotence-inflation-and-ayn-rand,0.027811866990257693,0.9377911448592489,0.006192981440982545,0.004179209166949964,0.024024797542560886
substack:why-the-murders-in-benghazi-should,0.03284736515498959,0.9206822587535127,0.007352251599129546,0.004764135969756268,0.034353988522611976
substack:obamas-apology-vs-responsibility,0.6928819287207588,0.1568309875796431,0.015322799736143805,0.00952239300337109,0.1254418909600834
substack:archbishops-claim-that-gay-marriage,0.039573417736012674,0.6887778671485005,0.009943117697966918,0.005745503240638513,0.2559600941768815
substack:eric-michael-johnson-reveals-misconception,0.022800074548505196,0.898779161263304,0.01966504208101594,0.05507796685888476,0.0036777552482899975
substack:obama-unsurprisingly-gets-ayn-rand-wrong,0.3338766647740859,0.16955069093610517,0.025512903946816698,0.019346975834263386,0.4517127645087288
substack:ayn-rand-vs-obama-whose-ideas-are,0.03254464647789819,0.8767127532470996,0.00810782735200681,0.004920330587519649,0.07771444233547589
substack:huffpos-sanghoee-uses-tragedy-of-sandy-to-smear-ayn-rand,0.06949850573387849,0.5787249678487656,0.10912058724759596,0.016719614999929126,0.225936324169831
substack:alex-epstein-to-debate-bill-mckibben,0.03401062946486876,0.9224070845386211,0.007243196413368755,0.005055774588099401,0.03128331499504203
substack:sam-harris-unscientific-morality,0.04963712551643433,0.11376674344049283,0.07195182169378277,0.014371041857099073,0.750273267492191
substack:from-the-editor-28,0.07871491663454737,0.7295025474557467,0.03489348256427009,0.02971166411528986,0.1271773892301457
substack:new-abolition,0.018848905051549653,0.93874131120725,0.016659919348312954,0.011813305262460638,0.013936559130426643
substack:chemo-baths-for-single-organs-a-new,0.06632122707560009,0.7384337399913785,0.047541660818320806,0.09177992774303081,0.0559234443716696
substack:time-for-the-ethics-of-organ-donation,0.019227941238401058,0.9369298099343008,0.017525006248718073,0.012278638030752409,0.014038604547827802
substack:sam-harris-can-sound-like-an-egoist-too-bad-he-isnt-one,0.042653177280029445,0.10158529461532619,0.07066700471834375,0.10345753054655674,0.681636992839744
substack:senators-representativesand-americans,0.12402015950841781,0.8244070637425772,0.009597949735396445,0.006568649134590328,0.035406177879018334
substack:time-to-privatize-the-weather-satellite,0.5647365287267225,0.07553273143225203,0.12245392212460682,0.194681823152613,0.0425949945638057
substack:fracknation-defends-revolutionary,0.2847847003244545,0.4823646665135934,0.15585284370644686,0.05232307869312988,0.02467471076237523
substack:e-book-revolution-continues-to-improve,0.39821443853892213,0.42239886221935724,0.12714758916953225,0.03904502069329694,0.013194089378891405
substack:irans-growing-influence-in-latin,0.08432640483478838,0.6828359351625585,0.015148995194471158,0.008418368247405248,0.20927029656077686
substack:anti-abortion-crusade-is-anti-life-anti-rights-anti-reason,0.45656313764181683,0.04353032238208552,0.0200408519754552,0.008162166654170489,0.471703521346472
substack:gun-restrictions-punish-the-rational-and-responsible-for-acts-of-the-irrational-and-irresponsible,0.03962543868458697,0.6813273015184182,0.010848220150003293,0.005857492708432657,0.2623415469385587
substack:pj-medias-walter-hudson-previews,0.008778104965653226,0.20623498241402863,0.022624107781262684,0.08356042686505241,0.678802377974003
substack:natelson-amendments-to-restrain-federal-spending,0.43983215244418666,0.48594801012798394,0.018053486022330853,0.01192970754226771,0.04423664386323085
substack:zero-dark-thirty,0.01617386841301138,0.9485930579462171,0.015824936868967524,0.01678493956131796,0.0026231972104856366
substack:from-the-editor-29,0.04366197258188731,0.9076272579830031,0.011799284614773253,0.006456692502601803,0.03045479231773446
substack:end-of-central-banking,0.7639102029425952,0.08568501147938017,0.09462990918133711,0.029165433791590582,0.02660944260509684
substack:little-book-of-talent,0.06647341007156515,0.3738938303380991,0.49719648732235305,0.03881382652475833,0.023622445743224425
substack:zero-dark-thirty-actors-bring-attention,0.03267972272496232,0.799739145708631,0.009505684088460462,0.005289252131599719,0.15278619534634658
substack:contra-joseph-levine-israel-is-a-legitimate-state-the-only-one-in-the-region,0.11467352673784531,0.731969127872815,0.012891911434552305,0.00839328644483131,0.13207214750995586
substack:contra-michael-tanner-governments,0.04679976314797807,0.8708677055194591,0.009985780835198507,0.006525958252466101,0.06582079224489834
substack:gop-should-reject-ann-coulters-collectivist-approach-to-immigration-reform-and-embrace-individualism,0.031099946581817795,0.9096050644665278,0.007819030246942261,0.004854166092068671,0.046621792612643195
substack:as-some-filipinos-try-to-die-one,0.311911400540661,0.4114432463208629,0.10546513712060007,0.05872715486110155,0.1124530611567744
substack:rand-paul-inches-toward-a-rights-respecting-immigration-policy-but-lacks-the-means-to-get-there,0.03925279059292838,0.7348074768400442,0.011577576490725964,0.0059688430554115665,0.20839331302088981
substack:why-sacrifice-means-loss-not-gain,0.029746004328117578,0.06192148103557179,0.0434695757999544,0.015737216362238595,0.8491257224741178
substack:alex-epstein-visits-vassar-some-students,0.05696183407557221,0.5294951230108729,0.3011402775242031,0.07769567335515945,0.03470709203419229
substack:swiss-scientists-create-wireless,0.11243879156184555,0.714478154371565,0.06972724680250329,0.0806454276481068,0.022710379615979208
substack:attack-countermeasures-video-shows,0.4275549771527681,0.06866080844570342,0.4071294047872083,0.02052842526835537,0.0761263843459647
substack:louis-ck-schools-david-itzkoff-on,0.03824888104481589,0.469019462807584,0.42797069143488553,0.05043347243097179,0.014327492281743133
substack:thank-industry-for-protecting-us,0.5179174814347979,0.2109378959208722,0.12665895996614301,0.07692941094719591,0.0675562517309909
substack:from-the-editor-summer-2013,0.03275128409309683,0.7664959598024439,0.04522957546621023,0.024413720174147488,0.1311094604641014
substack:django-unchained,0.13216463538638165,0.8110041979262806,0.02823447833466159,0.02400428532470466,0.004592403027971478
substack:lincoln,0.056349619690700944,0.8939938928709866,0.023881372797159576,0.02204240883333263,0.003732705807820264
substack:sessions,0.014396361505782147,0.9454003224414592,0.02000535485348379,0.01735083835513052,0.0028471228441444268
substack:righteous-indignation,0.34416004187204086,0.25665816199700037,0.24908826199797351,0.018940380951408403,0.1311531531815768
substack:is-altruism-dichotomy,0.004808328551852835,0.0030947155022476498,0.04971048271065125,0.002093096629801589,0.9402933766054467
substack:will-tn-us-attorney-william-killian,0.03324931199768318,0.7774085155015392,0.0094475295542687035,0.005323943781968622,0.17457069916454024
substack:death-by-prayer-christian-fundamentalist-parents-denied-their-children-medicine-and-watched-them-die,0.07252048584791461,0.7069182983605438,0.03607461160775824,0.00957809156320906,0.17490851262057444
substack:freedom-of-religion-demands-freedom,0.4491428438017321,0.06837472749732065,0.028151706983364895,0.009266587199590573,0.44506413451799176
substack:government-should-not-subsidize-junk,0.05542264242980526,0.8476970605608466,0.010438852654745935,0.006134763879125271,0.08030668047547701
substack:the-virtue-of-honesty,0.02025944968112722,0.25115246885593673,0.026318553453439343,0.013047182572788705,0.689222345436708
substack:killing-floor,0.3606229708613228,0.12592549989182403,0.4466074269584547,0.059038847354689686,0.0078052549337085525
substack:oz-great-and-powerful,0.014501289187262725,0.9489730091214421,0.016780434302092598,0.01684593340639295,0.002899333982809685
substack:from-the-editor-31,0.05948873202136821,0.7550393098015477,0.015409118266754103,0.012755145904985212,0.15730769400534483
substack:les-miserables,0.033801750647078854,0.8564055767510845,0.03880733147052813,0.06600059210711072,0.004984749024197786
substack:letters-replies-21,0.5471151388365909,0.34405033395355017,0.03312840387265818,0.054449147368322806,0.021256975968878117
substack:i-have-a-dream-martin-luther-king-urges-consistency-to-founding-principles,0.8314139340241888,0.08977212346753058,0.015807796373714354,0.008840056253321184,0.05416608988124524
substack:if-you-berate-parents-for-sending-their-kids-to-private-school-you-are-a-bad-person,0.039830651332098906,0.6906879826363231,0.22078843291879086,0.02022368270876576,0.028469250404021474
substack:americas-cup-showcases-mental-and,0.21868274386303269,0.054682760244057445,0.6618121157890986,0.034083084950339584,0.030739295153471496
substack:religious-coalition-right-to-oppose-obamacare-contraception-mandate-wrong-to-ignore-principle-at-play,0.03901715403673215,0.5846565157361766,0.011873748639905467,0.00582661470955199,0.3586259668776338
substack:war-on-syria-is-not-the-means-to,0.12643584755842419,0.6247878187530154,0.012933611027923151,0.0077390910021675734,0.22810363165846984
substack:on-the-anniversary-of-911-relativism-and-religion-still-paralyze-american-self-defense,0.30898484464088444,0.001793592558627622,0.0018023718850890234,7.879731557796707e-4,0.6866312177596193
substack:the-keystone-xl-pipeline-anti-technology-zealots-and-why-oil-and-everything-costs-more-than-it-should,0.12295854957327426,0.8163702854167983,0.011521476433655496,0.007443528275283809,0.04170616030098815
substack:republicans-make-trivial-cuts-to,0.035974383909199936,0.8936194598279736,0.009753596509445617,0.005531137738917535,0.055121422014463135
substack:pat-robertson-and-his-creed-devourers,0.03198139697990244,0.12491989533870622,0.4704100517434392,0.016111766181764835,0.3565768897561873
substack:sheldon-adelson-admirably-calls-for,0.15349649729978393,0.6895988684574648,0.013071993202579724,0.00804883640623108,0.13578380463394032
substack:prior-to-concierge-medicine-my-access-to-health-care-was-inferior-to-that-of-my-cat,0.028894556439829498,0.9302724107532714,0.006776331564222345,0.004444169460383065,0.0296125317822936
substack:libertarians-fiddle-while-rome-burns,0.010264689398387214,0.025407693847467296,0.024357777175656292,0.018977738377581405,0.9209921012009078
substack:from-the-editor-winter-2013,0.017545901488197613,0.813730530120324,0.05556925036533437,0.01439131378454199,0.09876300424160217
substack:libertarianism-vs-radical-capitalism,0.0032336205931326927,0.0019396955500353443,0.002412241150271791,4.009012132705516e-4,0.9920135414932897
substack:education-in-a-free-society,0.3396075179081708,0.24627972966813452,0.049683086466959056,0.02493428888129403,0.33949537707544153
substack:biblically-motivated-child-abuse,0.2885623789233504,0.146589906300909,0.28583070289062434,0.014789317406172878,0.26422769447894345
substack:the-libertarian-case-for-legalized-plunder,0.23484294262163793,0.04737550770690038,0.02668391129847126,0.005524550902589931,0.6855730874704005
substack:the-rich-pay-106-percent-of-income,0.9248914358987123,0.02368564879512499,0.011886127141894803,0.005593795365165326,0.03394299279910276
substack:duck-dynasty-star-invoked-the-biblethats,0.019424985544478506,0.11699220840788133,0.1267406650256984,0.009664223387717713,0.7271779176342241
substack:basic-moral-theories-essentialized,0.01333103831293478,0.14898347484287938,0.024865087154687136,0.0304034480731752,0.7824169516163235
substack:obamas-sotu-address-calls-for-equality,0.6417112357669971,0.11883471769873054,0.07887083996929083,0.1080029211815934,0.05258028538338844
substack:what-is-objectivism,8.166026050495926e-4,0.0025220209179161535,9.980340193085243e-4,2.5440471780770803e-4,0.995408937739918
substack:who-is-ayn-rand,0.07473097686998602,0.6182920656207644,0.015075191134652676,0.030439882434271103,0.26146188394032566
substack:answering-sam-harriss-moral-landscape-challenge,0.005198437628678129,0.009264123419914064,0.12244570687197967,0.09391479003633027,0.7691769420430978
substack:from-the-editor-spring-2014,0.027208832984596733,0.7978918482254951,0.020540824584962248,0.03980885784541535,0.11454963635953047
substack:death-by-faith-the-venomous-consequences-of-religious-irrationality,0.04931547678632965,0.07307063241724616,0.341162635524916,0.02712357379584153,0.5093276814756666
substack:cliven-bundy-dishonest-left-welfare-state,0.5540097045446939,0.07450153918784752,0.17450366112836915,0.01869456673989481,0.17829052839919474
substack:government-force-walgreens-employ-salespeople-refuse-sell-products,0.5237266891158602,0.026389810587744388,0.016215555861241213,0.006713449316184375,0.4269544951189697
substack:pope-root-social-evil,0.14686137070738453,0.020563459527922604,0.017439063201085105,0.005039457250087104,0.8100966493135207
substack:parents-narrowly-avoid-jail-enrolling-daughter-less-bad-government-school,0.434723415344128,0.06378007904714882,0.3365505790267712,0.014652744281401819,0.15029318230055025
substack:feds-gamble-americans-rights,0.9021873277992556,0.05084939787731564,0.011822148841706015,0.006563739420459953,0.02857738606126258
substack:pledge-fight-illustrates-inherent-conflicts-public-schools,0.30730148277517927,0.23900058625208742,0.05408043387850921,0.017962311473815558,0.3816551856204086
substack:national-day-prayer-vs-fidelity-reason,0.32740077018455693,0.08441521843337496,0.03726424653492731,0.011632454561735828,0.5392873102854051
substack:austrian-steelmakers-texas-plant-highlights-value-u-s-fracking-property-rights,0.47831960152925007,0.13875824971542383,0.07537990481449158,0.26504998897136056,0.04249225496947383
substack:kitchen-supplies-enrich-lives-men-mind-produce,0.14968756846392697,0.07977422993368574,0.42507577091762383,0.057457542547027056,0.2880048881377364
substack:republicans-immorality-minimum-wage-laws,0.8990306075381108,0.05035353335680241,0.01065344295807533,0.0062810584008163054,0.03368135774619502
substack:heritage-foundations-collectivist-call-ban-marijuana,0.47453151659610054,0.157582149000373,0.26505923327908043,0.02198908740681299,0.08083801371763286
substack:mike-rowes-excellent-career-advice,0.06001854108673529,0.283056258269691,0.5428722545283532,0.08360458687395575,0.030448359241264673
substack:dave-kopel-bill-rights-safeguards-pre-existing-human-rights,0.1952013885703558,0.1053482399335692,0.01705568740282683,0.008335494223520397,0.6740591898697277
substack:thank-goodness-religionists-religious-franklin-graham,0.5612021147944456,0.10926695575460839,0.026239443116849087,0.011128793478299422,0.2921626928557974
substack:two-paradoxes-capitalism-resolved,0.3027454443853677,0.4895424045541924,0.12086406908995503,0.058060671935866656,0.02878741003461805
substack:consistent-american-christians-endorse-putins-soviet-style-censorship,0.7502403887597185,0.03299418775914363,0.01319596581609809,0.007417461663094125,0.19615199600194552
substack:jeopardy-battle-of-the-decades,0.1229871140468937,0.19518538860108808,0.6369313492790454,0.030807814657537055,0.014088333415435977
substack:12-years-a-slave-and-those-who-should,0.31453777975814173,0.3518465751387546,0.19932424748690966,0.023190863828606207,0.11110053378758777
substack:illegitimacy-pope-franciss-legitimate-redistribution-wealth,0.5923700315751951,0.02673020412069862,0.016521114781006457,0.006859984392801584,0.3575186651302982
substack:editor-summer-2014,0.2788500417322415,0.6242220670744796,0.022952368036891605,0.01329254172596518,0.06068298143042232
substack:purpose-value-hierarchies-happiness,0.0010474639673569114,0.002226364115193874,0.7021083000307176,0.003492489882643008,0.29112538200408855
substack:getting-lincoln-right,0.7553379066846502,0.06940396123363088,0.01796981153708361,0.008471612080722609,0.1488167084639127
substack:good-cant-ignore-cal-newport,0.03246779042408709,0.6280193070350502,0.28441933928058316,0.023213850657125057,0.0318797126031548
substack:lincoln-versus-monstrous-injustice-slavery,0.42145567846584714,0.3894943107686368,0.02597805918857794,0.011548198052618815,0.1515237535243192
substack:egalitarianism-vs-rational-morality-income-inequality,0.5762889503786733,0.28025021979030645,0.04086947919441762,0.02041758554473141,0.08217376509187113
substack:memorial-day-lets-lift-heads-speak,0.16186046013091665,0.004525677097220763,0.003150278561221649,0.0014134142210472918,0.8290501699895937
substack:report-the-liberty-free-markets-moral-character-conference,0.10275263993569932,0.8228114301702663,0.013419943214238395,0.007195623396192673,0.05382036328360364
substack:leftists-shamefully-exploit-california-murders-behalf-collectivism,0.7850155687148747,0.14647910840905834,0.01813458845459526,0.011397420271431221,0.03897331415004072
substack:lincoln-race,0.5290674150083154,0.24934440031979738,0.06306520782662484,0.029319305795068404,0.12920367105019379
substack:california-murderers-selfishness-without-self,0.013081035181618465,0.054725860741206604,0.1415594083077378,0.008493001744049797,0.7821406940253873
substack:rands-ethics-says-law,0.009762353045197942,0.016415713573729902,0.031648457768212034,0.008273417222012917,0.9339000583908471
substack:right-bake-cake,0.033275512666168294,0.02064446684496012,0.012699074180279258,0.0032500953116456088,0.9301308509969468
substack:denver-post-businessmen-never-put-moral-judgments-aside,0.29231267465692806,0.19892676268819132,0.1926037724297393,0.015235244815578326,0.3009215454095629
substack:racists-fighting-white-privilege,0.3734759515199261,0.11535960636945049,0.4222747669853477,0.021918377138197664,0.06697129798707822
substack:white-privilege-myths-facts,0.5443877218578175,0.05575869318299238,0.02748127178331902,0.010937193856231556,0.3614351193196396
substack:check-statist-privilege,0.4446965078207868,0.05927877927911369,0.023384933498694672,0.00910775761663062,0.4635320217847743
substack:dave-brat-church-state,0.3576315191264879,0.31673376095561784,0.02100697742113427,0.00983901269328967,0.2947887298034703
substack:altruism-fuel-jihad,0.08165284864573513,0.04339487867815368,0.011070003964715412,0.002324867218327081,0.8615574014930688
substack:auberon-herbert-advocate-reason-individual-rights-limited-government,0.03248496987462321,0.0063456707114477595,0.15742895502865467,0.010258987570890915,0.7934814168143834
substack:supreme-courts-hobby-lobby-decision-good-outcome-mixed-reasoning,0.3129252120804972,0.03893297995232624,0.025717138586024448,0.006887916636692801,0.6155367527444594
substack:rational-morality-requires-amnesty-rights-respecting-illegal-immigrants,0.4093716160396548,0.03277387719525691,0.01733968224237883,0.0073244703730671575,0.5331903541496423
substack:lefts-dishonesty-regarding-cost-birth-control,0.3983027913700338,0.04536445324862313,0.22151463501935761,0.012581908993476824,0.3222362113685085
substack:what-to-celebrate-on-independence,0.41422310816948543,0.048995521863898224,0.017525704881393437,0.008688629336551974,0.510567035748671
substack:hobby-lobby-ruling-government-protect-rights-everyone,0.2618133070429214,0.08226154126958125,0.09468976879437233,0.014704162309558594,0.5465312205835664
substack:rights-respecting-immigration-policy-muslims,0.05325773809893259,0.029306731880940448,0.025726177264525755,0.0056366409126491724,0.886072711842952
substack:myths-facts-rights-respecting-immigration-policy,0.04876053929154048,0.027336459381633062,0.011869011283138716,0.004107033129730662,0.9079269569139571
substack:jason-brennan-joins-brigade-people-misrepresenting-ayn-rands-views,0.1550449932055268,0.2216505158650354,0.19080581135557412,0.17947998526390574,0.2530186943099578
substack:kristen-bells-spoonful-coercion,0.5451044120013178,0.31142768670724574,0.09858273409359355,0.012012616643922138,0.03287255055392099
substack:aei-writer-invokes-implicit-contract-fantasies-excuse-government-coercion,0.6091027962901314,0.14745347400929013,0.02444612331863645,0.010451691830623729,0.20854591455131818
substack:hamas-lefts-pretense-deaths-innocents-gaza,0.08536070709739005,0.02724487594861161,0.012259718044019702,0.0041839843793346106,0.8709507145306441
substack:environmentalists-war-people,0.28789454379052776,0.06778140172192394,0.2621052711691888,0.022493388092249496,0.3597253952261102
substack:government-properly-protects-freedom-religion-freedom-religion,0.32478905744505243,0.49719924039640695,0.021136125240039213,0.012159449260459358,0.14471612765804198
substack:new-technologies-old-fallacies,0.6365974401248425,0.10519334132255599,0.14507818019911525,0.03656646392783245,0.07656457442565391
substack:gifts-from-heaven-a-vital-historic,0.2559592829180013,0.3037069826123944,0.12959848497008553,0.022950656203247297,0.28778459329627154
substack:the-jihad-against-robin-williams,0.31423754898348183,0.25544226515211854,0.0792049842576266,0.02212480949822745,0.32899039210854547
substack:star-trek-first-contact,0.014702535072846225,0.9541802618822335,0.013671588677414144,0.015057322142906376,0.002388292224599342
substack:martian-andy-weir,0.40728165569010033,0.341446936918757,0.15724122159857046,0.08603888392676927,0.007991301865803067
substack:moral-diversity-asset-liability-liberty,0.054591646708411275,0.897573988796428,0.008076237588797344,0.005380971771794902,0.034377155134568724
substack:donna-hassler-sculptures-daniel-chester-french,0.5331639157318648,0.39564620583435667,0.03051935925439163,0.03552071698130666,0.005149802198080453
substack:rape-masters-roger-kimball,0.24345498720258293,0.5834067439290647,0.09252150038170423,0.04388823561093762,0.03672853287571037
substack:contra-time-writers-claim-ayn-rand-advocate-mooching-coffee-anything-else,0.16863951750641795,0.5951421220920271,0.11866240112632799,0.016609925432365624,0.10094603384286122
substack:contra-colorado-pastor-sex-among,0.15816892168802113,0.02740586801190921,0.38921019080432434,0.03495184712252647,0.3902631723732189
substack:paul-krugman-master-straw-man-fallacy,0.5000391617384581,0.04856406268692052,0.04908060628468026,0.0253658380325524,0.37695033125738875
substack:kids-react-to-apple-ii-look-at-how,0.025483638158723013,0.07631838155776914,0.7568398632432871,0.1332244400627744,0.008133676977446484
substack:andrew-klavan-bill-whittle-pretend-analyze-ayn-rand,0.2540542892167741,0.5840194133262527,0.031103941519083498,0.013212730894664465,0.11760962504322539
substack:jihad-america-end,0.4516857677279327,0.012205766549902396,0.0016290497472128407,9.820061567650641e-4,0.533497409818187
substack:obama-islamic-state-pretend-islam-islam,0.5715283235919452,0.02360866181480441,0.014469792771680983,0.0058370419217536815,0.38455617989981566
substack:sam-harris-yes-islamic-jihadists,0.03472056892519833,0.018365092977861715,0.011230870986967019,0.002891745693132676,0.9327917214168403
substack:moral-right-provide-discounts-exclusively-churchgoers,0.565413006134596,0.31953234197783537,0.018390674325509088,0.01067054071785299,0.08599343684420682
substack:honor-u-s-constitution-men-created,0.6907321133751277,0.05959853816018156,0.015860651342628897,0.008663415017837697,0.22514528210422413
substack:citizens-united-anonymous-speech-rights-violating-disclosure-laws,0.6963546966555482,0.08972800028201923,0.029754506746831864,0.015233927004282841,0.16892886931131773
substack:fast-food-workers-seek-government-guns-back-demands,0.9320353463871339,0.028718949078889167,0.009136410332629656,0.005217030264140446,0.02489226393720682
substack:contra-salon-capitalism-ayn-rand-said-never-existed,0.43543817891318454,0.49258558845277894,0.016550704301931788,0.011226194879049144,0.044199333453055774
substack:unlike-ezekiel-emanuel-hope-die-75,0.18481966259859553,0.20619778238725897,0.09816922677248852,0.23325766979695203,0.2775556584447049
substack:fee-debate-liberty-best-defended-one-moral-foundation-many,0.09601962041273329,0.39086860305995685,0.022666318838955878,0.009850129142052735,0.4805953285463012
substack:governments-ginseng-circus-microcosm-regulatory-insanity,0.9259027852642594,0.030868044311890806,0.011568856373145895,0.007916713846724177,0.023743600203980027
substack:government-determine-everything-education-determine-nothing,0.7760269087187026,0.15511865167696193,0.02958686849522236,0.024709006833507796,0.014558564275605606
substack:steny-hoyer-wrong-compromise-ayn-rand-right,0.1639258926973221,0.5811404573339074,0.038820421038019234,0.020607495499123198,0.19550573343162791
substack:banality-leftist-thomas-piketty,0.2593867360485455,0.14249385068689038,0.19843813337047614,0.25709882417949204,0.14258245571459588
substack:political-chaos-colorados-jefferson-county-schools-illustrates-problems-government-control,0.6410186287581213,0.04216138748627463,0.1745982759898295,0.014633011091852556,0.12758869667392211
substack:causes-war-peace,0.41274571998347576,0.00678707067801265,0.006304211707600165,0.002469582942615081,0.5716934146882963
substack:thirty-year-war-americans-will,0.5855038984612423,0.05907663931741536,0.28471160686091895,0.01315127039305669,0.05755658496736678
substack:caroline-glick-michael-ledeen-golden-opportunity-regarding-iran,0.35394700442042387,0.15417750912233966,0.0526587678031775,0.1758364041889888,0.26338031446507
substack:colorado-judge-todays-tom-paines-pamphlet-protected-speech,0.4047411469253721,0.256865679248382,0.02141689358254994,0.014633716409335805,0.3023425638343602
substack:sam-harris-states-obvious-islam-engrages-ben-affleck,0.11240321707016909,0.4624730005643778,0.04381685645764744,0.018259005226500064,0.3630479206813055
substack:victoria-osteen-christian-critics-rational-alternative,0.014661450932702673,0.020057102882798702,0.13902499570190088,0.013772820471417962,0.8124836300111798
substack:citizens-uniteds-colorado-documentary,0.9123858335804207,0.03502056448672824,0.01125928120275796,0.006695857157954163,0.03463846357213881
substack:from-the-editor-fall-2014,0.19738348836895492,0.7187321357916966,0.013406498051804633,0.009307827352302915,0.06117005043524117
substack:government-immorally-bans-magnet-spheres-shihan-qu-vows-fight,0.9245932958268412,0.028910414345198514,0.01257853678712938,0.00658435775301763,0.027333395287813266
substack:krugman-to-amazon-all-your-books,0.573876923627944,0.21661480816759263,0.08677192095040312,0.015848745167863675,0.10688760208619665
substack:anniversary-of-the-iran-sponsored,0.5743630599602504,0.013841858464245472,0.0109858866589785,0.0066572713115370845,0.3941519236049884
substack:evil-whitewashing-islam,0.014685385428073043,0.0065376094343889335,0.027348943381573954,0.001413444543202954,0.9500146172127611
substack:lower-gasoline-prices-thank-oil-industry,0.6648319033689399,0.040655741228565336,0.23349354360561683,0.040993720256358036,0.02002509154051969
substack:obama-dems-dishonestly-claim-credit-increased-oil-production,0.9016855531472091,0.029945577199222584,0.02702528290721685,0.008466711379552433,0.032876875366799015
substack:election-2014-victories-and-defeats,0.394311218477062,0.1017644256921074,0.04721471357528755,0.01696220413351858,0.4397474381220244
substack:thank-you-veterans,0.042240672308143594,0.30029578250661365,0.028311491795542744,0.006984755035847777,0.6221672983538522
substack:alex-epsteins-moral-case-fossil-fuels,0.6914887733248568,0.18547066463560621,0.03275051519329763,0.07122135696682602,0.019068689879413375
substack:keystone-xl-senators-may-need-go,0.7478679797096804,0.04227619702349139,0.01566187541961345,0.007473231740628179,0.18672071610658642
substack:popes-sin-brittany-maynards-choice-die,0.7483634316536673,0.05086945964545704,0.12578861795736407,0.016915265303880666,0.058063225439630876
substack:letters-replies-winter-2014-15,0.04491121402288561,0.35376700707019315,0.011816290350542076,0.005531074569663296,0.5839744139867159
substack:from-the-editor-winter-201415,0.25579451090651517,0.5287433677756735,0.016662566976407132,0.01028324253458913,0.18851631180681502
substack:got-food-thank-fossil-fuel-industry,0.36134121008802167,0.15589813941933642,0.1369286448329056,0.31321475203164906,0.0326172536280874
substack:alex-epstein-moral-case-fossil-fuels,0.0665414322081517,0.7501671722424909,0.11555792244780236,0.034933619808986856,0.03279985329256848
substack:america-imagine-world-without,0.29159887953811164,0.5687964989210619,0.03272471378910368,0.015463155769783297,0.09141675198193956
substack:chef,0.015606665803256169,0.9479149011283656,0.016840362267033393,0.016963031559883206,0.0026750392414615575
substack:rocky-mountain-heist,0.13151052864563656,0.7589024067084803,0.019844774750668755,0.009923077235872307,0.07981921265934243
substack:alexander-mccobin-students-liberty,0.03780425693581135,0.928605675962284,0.007048161522101151,0.004688518804931903,0.021853386774871614
substack:equality-equivocation,0.43127997836249304,0.09861076541375775,0.022410241661125926,0.008847772271379499,0.4388512422912438
substack:moral-use-smart-drugs,0.0580537936596156,0.07583490816916907,0.3539611029376657,0.08402128580616768,0.4281289094273819
substack:conservatives-collectivist-case-assisted-suicide,0.08871560154865395,0.03613260909975664,0.06311947301290134,0.007183901533590554,0.8048484148050975
substack:inhumanity-laws-doctor-assisted-suicide,0.7723403434256193,0.03861123335309055,0.04912272901737205,0.010275960488054183,0.12964973371586394
substack:governments-vile-assault-google,0.5432965044010452,0.2284628270639214,0.025261052226826387,0.011803175519146137,0.1911764407890609
substack:governments-renewed-assault-private-sector-colleges,0.7708631058353796,0.0739688068858729,0.023686347072920295,0.009840659691120409,0.12164108051470683
substack:answering-objections-assisted-suicide-laws,0.6565178722051591,0.044220997104479826,0.07814912483360713,0.014694248324349039,0.2064177575324048
substack:eric-garners-death-highlights-need-repeal-illegitimate-laws,0.5427682246388953,0.1625787861058331,0.019491651642560223,0.011417114824468763,0.26374422278824267
substack:alex-epsteins-moral-case-fossil-fuels-high-test-success,0.053605761185770075,0.8174853861791533,0.05485220070070132,0.05062049329445065,0.02343615863992453
substack:smith-college-president-says-lives-matter-racist-left-goes-ballistic,0.3643883597913134,0.5746943729333878,0.014508539463494093,0.008719004754094095,0.03768972305771076
substack:bergdorf-goodmans-christmas-windows,0.2887499514243114,0.5270516313295269,0.061587094656170946,0.11450547597994137,0.008105846610048961
substack:will-u-s-government-respond-north-koreas-apparent-acts-war,0.7108807498919112,0.2202529005230738,0.013726754104342587,0.008878627682753158,0.04626096779791912
substack:conservatives-muddled-thinking-ayn-rand-property,0.2694202409521484,0.383411588100967,0.019386628708902044,0.01197392060676985,0.31580762163121284
substack:a-screenplay-jihadists-will-hate,0.06401472133641681,0.37237443047568347,0.3759985606855581,0.0556991682220124,0.13191311928032928
substack:nypds-work-slowdown-good-bad,0.779213270041394,0.1498157118144412,0.028812184961849157,0.01196827668686613,0.030190556495449782
substack:support-charlie-hebdo-freedom-speech,0.46125365569408594,0.29403860902516865,0.025079642342464587,0.012497130934564915,0.20713096200371592
substack:islam-vs-free-speech,0.33979487708246425,0.24133643732179863,0.02725742242378504,0.016176825584539405,0.37543443758741263
substack:spiritual-complicity-in-islamic-atrocities,0.5868584916640677,0.26233263456343636,0.027872504903615303,0.010834517961219073,0.11210185090766185
substack:charlie-hebdos-moral-endurance,0.1251921356568841,0.42971533429538106,0.13919379675688517,0.02674866044634742,0.27915007284450216
substack:obamas-free-community-college-scheme,0.5275137394492513,0.17272728320917355,0.10721329410881984,0.024337135342525063,0.16820854789023024
substack:ryan-holidays-obstacle-way-toolbox-success,0.16417488617606407,0.53166144858344,0.23760283597331538,0.037033395834496524,0.029527433432684116
substack:from-the-editor-spring-2015,0.061909676029863685,0.6856092652657096,0.11814670559020982,0.055815139557352726,0.07851921355686445
substack:islamic-jihad-and-western-faith,0.19041579139292408,0.23093724463418527,0.01768085113791862,0.008061026812327924,0.5529050860226441
substack:the-moral-case-for-fossil-fuels-by-alex-epstein,0.04204158405266919,0.8526639501139108,0.02575500489980814,0.0212397031690605,0.05829975776455107
substack:circumcision-in-america,0.753909774375953,0.04131606844680075,0.06541823384749122,0.07995480495680474,0.0594011183729502
substack:the-frackers-by-gregory-zuckerman,0.5282015165894681,0.3504572560030273,0.040331134915270024,0.06300566805519521,0.018004424437039725
substack:pikettys-rickety-assault-on-capital,0.5474480581794221,0.10170192244870647,0.040441272857249584,0.2907288821479966,0.01967986436662539
substack:stuff-matters-by-mark-miodownik,0.29220024185570026,0.2997384643008502,0.3085236771145485,0.09107359727847412,0.008464019450426867
substack:dr-avijit-roy-a-man-of-reason-murdered-by-jihadists,0.3402144712983928,0.08012376729721608,0.13109974439133137,0.015896177720554742,0.43266583929250496
substack:whiplash-and-the-quest-for-greatness,0.020975304785297254,0.9220025132815945,0.025357589823703706,0.028503280272582338,0.0031613118368225687
substack:libertarians-terrorism-poses-no-existential-threat-to-america,0.21823086475086928,0.5494715698804092,0.013547364745556147,0.008363892315836731,0.21038630830732863
substack:grand-budapest-hotel-worth-a-visit,0.028042405329573968,0.8857523861586254,0.04165829640624539,0.03984317172161385,0.0047037403839412795
substack:simon-sineks-start-with-why-shows-what-distinguishes-great-business-leaders,0.807266312010605,0.06437679771562461,0.08448765783520253,0.024165027639622413,0.019704204798945354
substack:ayaan-hirsi-alis-clarion-call-for-islamic-reformation,0.13172073588603497,0.3178050418662772,0.0838062431596935,0.014348536141085772,0.4523194429469086
substack:ted-cruzs-presidential-campaign-launch-good-and-bad,0.4093065507143406,0.14700016329315643,0.02954773018378479,0.012255788378048086,0.4018897674306702
substack:religious-freedom-laws-vs-equal-protection-of-rights,0.1054802353978991,0.04413439456462518,0.014715394959793045,0.005131519242133865,0.8305384558355489
substack:thomas-sowell-comparing-obama-to,0.4244297662050563,0.06739537504356492,0.14023911886400442,0.015933035692373657,0.3520027041950007
substack:the-obama-doctrine-aid-americas-enemies,0.6439639244478671,0.09577075287076502,0.04725892221186062,0.05250965539169627,0.1604967450778111
substack:rand-pauls-presidential-campaign-launch-good-and-bad,0.802266179392237,0.1387336709263924,0.013158585018592421,0.008026012124040263,0.03781555253873792
substack:gwyneth-paltrows-snap-food-stamp-farce,0.331132211671795,0.3937476279515804,0.1076869787273902,0.036004639021627094,0.13142854262760717
substack:marco-rubios-presidential-campaign-launch-good-and-bad,0.4531317411540488,0.06382338990878648,0.41763343161691474,0.015372123425753895,0.05003931389449611
substack:a-parable-for-thomas-piketty,0.10749908706835945,0.41090333062234413,0.25160336268666245,0.19132942383258575,0.03866479579004825
substack:from-the-editor,0.06400107512724347,0.7778099464236317,0.018674958021998405,0.053666699793568653,0.08584732063355802
substack:a-most-violent-year,0.09404590328913531,0.8256748307785422,0.043205453477513915,0.032018826611239094,0.005054985843569586
substack:the-imitation-game,0.03450701540958965,0.9139137936814811,0.021914691913371056,0.026345502382103016,0.003318996613455437
substack:the-theory-of-everything-2,0.02526892615561427,0.8107704895333392,0.03480396554431519,0.1249535845178107,0.004203034248920551
substack:good-to-great-by-jim-collins,0.17126752039177867,0.0934643158569493,0.6818207044540732,0.025729543353060668,0.027717915944138194
substack:ryan-holiday-on-turning-obstacles-to-advantages,0.027592580007906802,0.9119286910517115,0.03370147043842816,0.014711372880880568,0.012065885621073047
substack:the-autobiography-of-benjamin-franklin,0.0781563608314191,0.6516161679847225,0.038040401324629686,0.22683815710587216,0.005348912753356309
substack:lessons-of-the-armenian-genocide,0.8982083949735096,0.033230776539932734,0.027594795526650128,0.017595818172154085,0.023370214787753456
substack:bosch-fawstin-on-islam-and-jihad,0.2334902698183248,0.6068870385305304,0.01587014388759831,0.012288871499317207,0.1314636762642293
substack:u-s-foreign-policy-whats-the-purpose,0.35635352750180704,0.0024556749387854237,0.0015976933039306045,0.0015435384879089187,0.638049565767568
substack:the-new-testament-versus-the-american-revolution,0.45059973880577137,0.12720747598760682,0.03281180878159826,0.012841948100985427,0.3765390283240382
substack:the-artists-complete-guide-to-figure-drawing-by-anthony-ryder,0.11156262749154776,0.7512609997021502,0.06125861446334303,0.06896369588692328,0.006954062456035602
substack:the-story-of-art-by-e-h-gombrich,0.06366683490875207,0.6405742566585747,0.18152002591070865,0.10423991314019831,0.009998969381766518
substack:fox-news-dhimmi-america-and-your,0.12834526080946773,0.6798697796991287,0.07048655475429894,0.018172518094781633,0.103125886642323
substack:magna-carta-english-roots-of-american-liberty,0.9321773752452792,0.02745041140301012,0.011359920103453791,0.005950409091282071,0.023061884156975007
substack:yes-conservatives-islam-is-a-religion,0.003921872249621202,0.002891325581734173,0.0018770728224715165,5.053419838550569e-4,0.990804387362318
substack:the-ayn-rand-equals-joseph-stalin-smear,0.05237493244285861,0.8884433172936997,0.012273889284893225,0.0072334610277301516,0.03967439995081842
substack:the-u-s-treasurys-unjust-debasement-of-alexander-hamilton,0.8443919027509735,0.053926501359760466,0.030129786983349557,0.012587471785710713,0.058964337120205865
substack:from-the-editor-fall-2015,0.03906923481558366,0.4692316076059606,0.20557465474822553,0.027009566242367694,0.25911493658786244
substack:interview-with-amy-nasir-an-objectivist-involved-in-local-politics,0.16567045017227872,0.3251645058035886,0.41980455799970845,0.019310392017803314,0.07005009400662082
substack:how-to-raise-a-life-loving-child,5.833446542713491e-4,0.003019934853669762,0.9912100245449765,0.0013509841106121756,0.00383571183647014
substack:cause-civil-war-according-confederate-leaders,0.761711323643565,0.11815797906852057,0.06876841532009667,0.03299170970123177,0.018370572266586026
substack:a-dozen-great-books-for-young-children,0.02669613140261489,0.14249100886247273,0.7924111317605185,0.020810881769966826,0.017590846204427156
substack:the-wright-brothers-by-david-mccullough,0.2627085120380444,0.26465354072561875,0.05091005430200854,0.40214085401852,0.01958703891580811
substack:the-forgotten-depression1921-by-james-grant,0.9146102920047497,0.032743536456864224,0.023834926721497562,0.01579932084132154,0.013011923975566593
substack:james-madison-by-lynne-cheney,0.8525821702096051,0.07270589563944967,0.0344656433330339,0.023651578147839452,0.0165947126700717
substack:the-cloudspotters-guide-by-gavin-pretor-pinney,0.06109269474553082,0.6051173765655621,0.20256963962668467,0.12263483035826596,0.00858545870395669
substack:islamic-jihad-political-treason-and-epistemological-treason,0.10910956739981165,0.004046372986743554,0.007370384990026149,0.0017291105018591344,0.8777445641215595
substack:objectivism-and-parenting,0.0023238106205843716,0.018817311056807694,0.5859052939191465,0.004091056716585417,0.38886252768687596
substack:pope-francis-religion-capitalism-and-ayn-rand,0.41088582656024286,0.21621433797708417,0.02480720108081396,0.018803262247360657,0.3292893721344983
substack:ex-muslim-muhammad-syed-on-the-ideological-war-against-islam,0.2593861919215188,0.306247566698168,0.022433854381220288,0.013228622038297635,0.39870376496079546
substack:americas-declining-economic-liberty-and-its-cause,0.5106529848126861,0.017479660603910097,0.01420830205809986,0.006346825091595006,0.451312227433709
substack:ten-steps-to-end-jihad-against-the-west,0.10454741727274204,0.003032519190871924,0.001350009564417877,5.708133537478288e-4,0.8904992406182203
substack:black-slaves-could-have-been-founding-fathers,0.8363873400574137,0.09517624407729114,0.024864300500306778,0.017209251026114102,0.026362864338874126
substack:israel-to-be-or-not-to-be,0.23728442550261622,0.001908522181906662,0.0010935385093706236,5.554684252074482e-4,0.7591580453808991
substack:central-banks-move-beyond-the-fascist-frontier,0.8059589323738756,0.050926003613171275,0.07750652241506563,0.04063935775925119,0.024969183838636055
substack:a-dozen-great-apps-for-children-learning-math,0.028215376054803645,0.029287282927425367,0.8721777126751526,0.05531915250488653,0.01500047583773213
substack:doug-peltz-on-science-education-and-mystery-science,0.027796548460331756,0.8889954178536588,0.03217829675451408,0.03636338162586763,0.014666355305627436
substack:perfectly-reasonable-deviations-from-the-beaten-track-by-richard-feynman,0.2516366601748199,0.4090840027850345,0.1353437518759587,0.19415919663884687,0.009776388525340175
substack:three-gems-by-childrens-author-cynthia-rylant,0.08604121353072677,0.5330091889469221,0.2902446234687514,0.08362142199726275,0.007083552056336604
substack:tortured-language-for-evading-truths-about-islamic-jihad,0.12459915953527423,0.2637819134706556,0.02779479012706677,0.010679637604913021,0.5731444992620904
substack:plo-savagery-knows-no-bounds,0.5062116805138526,0.12250413474410322,0.03507117271157864,0.010802193235742613,0.3254108187947228
substack:for-the-love-of-christmas,0.029267799854713627,0.6308269766270858,0.14971897969094614,0.012050250746070605,0.17813599308118402
substack:facebooks-dishonesty-regarding-jews-muslims-israelis-palestinians,0.05671439432846356,0.32557863493144384,0.024041404774878605,0.061152603171222605,0.5325129627939915
substack:theist-embraces-any-rand-theory-of-rights,0.06629125564763413,0.1592366123947588,0.015506763216469174,0.005856984601146692,0.7531083841399913
substack:louisiana-demonstrates-problem-with-school-vouchers,0.4004080665083322,0.05050785623545619,0.12387677606325691,0.02841273859183618,0.39679456260111834
substack:donald-trump-and-the-anti-reason-essence-of-conservatism,0.13062753065492164,0.8105270528757764,0.01309057707700899,0.006898479510394393,0.038856359881898464
substack:mini-renaissance-film,0.09402397014998864,0.7426307820581517,0.10883164691381085,0.048423351638467504,0.006090249239581272
substack:teenagers-guide-morality-self-interest,0.05615653354482243,0.5679159391809402,0.259418157579882,0.028160892826507484,0.08834847686784776
substack:implicit-egoism-project-runway-junior,0.03373018578412517,0.3553990341288581,0.558576413505008,0.04359956534171182,0.008694801240296523
substack:new-york-new-york-richard-berenholtz,0.5980194935463677,0.2920507706703548,0.032162519664815,0.07223430012673884,0.005532915991723232
substack:whys-way-understand-causes,0.037904519877292056,0.32557293243213686,0.5571598793546066,0.05058362141619265,0.02877904691977181
substack:bedtime-math-fun-excuse-stay-late-laura-overdeck,0.08307811460411507,0.32216357236219434,0.5488389424084479,0.026530873853332596,0.019388496771910006
substack:sense-style-thinking-persons-guide-writing-21st-century-steven-pinker,0.053850225725516336,0.6369304227620339,0.08587541612724175,0.21623202284944082,0.007111912535767355
substack:ted-cruz-for-president,0.19456699814883097,0.14520763730741995,0.5515541436739754,0.01559953512821807,0.09307168574155572
substack:alex-epsteins-principled-mind-in-motion,0.03174665203216472,0.70153088395541,0.06650266559192937,0.1354960563629092,0.06472374205758677
substack:muslim-profiling-is-not-racism-but-a-moral-necessity,0.5587156876026808,0.10523516195176577,0.04278536195960016,0.013906203123196707,0.27935758536275657
substack:which-ayn-rand-villain-is-donald-trump,0.2047747269040659,0.27889499089103786,0.4398397111213279,0.021335877307872595,0.055154693775695464
substack:dennis-pragers-false-alternative-and-ayn-rands-philosophy-of-life,0.17349043254013702,0.665262209980847,0.045588603875015565,0.036256178107473475,0.07940257549652692
substack:alex-epstein-gives-us-senate-humanist-perspective-on-fossil-fuels-and-climate,0.19570782699693615,0.7149494862305343,0.040754820767048325,0.012473734176083946,0.03611413182939713
substack:alex-epsteins-prescriptions-for-republican-success-on-energy,0.03422904723930005,0.6751356708625655,0.017581054358844973,0.008257157826146874,0.2647970697131427
substack:heather-mcmanamys-last-words-about-living-laughing-loving-a-lot,0.20734843336479494,0.5547677049654848,0.16527430320974668,0.04753714816343012,0.025072410296543824
substack:why-religious-conservatives-should-embrace-secular-rights,0.0010383412113945125,7.723805368979642e-4,7.591610942226222e-4,1.5649473325391705e-4,0.997273622424231
substack:robin-field-the-most-delightful-performer-ever-to-say-a-is-a,0.026836214877605336,0.30850416627128086,0.6069756052571064,0.05014017352806966,0.007543840065937707
substack:alex-epstein-fossil-fuels-make-environment-cleaner-safer,0.09000439369929836,0.4030988656403562,0.2794914469656113,0.20516641746783212,0.02223887622690235
substack:ayn-rand-said-is-not-an-argument,0.01742179372617688,0.16984816429623403,0.2750044938139819,0.018099701022758374,0.5196258471408488
substack:is-ted-cruz-position-on-abortion-the-least-bad-since-barry-goldwater,0.06403705820539218,0.0726039893073984,0.01223862118687469,0.004665749096495266,0.8464545822038395
substack:the-land-of-giants-is-a-poem-for-the-eyes,0.3262852394818772,0.09092050337985387,0.08966731617663108,0.4865218897829228,0.006605051178714965
substack:religion-a-sophies-choice-and-an-easy-choice,0.04736519896435602,0.4204087863032762,0.024079720038065727,0.00979182475145126,0.49835446994285065
substack:the-times-smiles-and-sneers-at-carl-barney-ayn-rand-and-private-colleges,0.2452144691342251,0.6706831336624972,0.0320060835656955,0.011399807476059632,0.04069650616152257
substack:how-conservatives-begat-donald-trump-and-what-to-do-about-it,0.09323310468327847,0.22559332746753177,0.0627054805593415,0.005281974628413368,0.6131861126614349
substack:alex-epstein-improve-world,0.2092713498569617,0.6254304316027742,0.031425742569425846,0.10437359613081826,0.02949887984002018
substack:robin-field-on-objectivism-and-the-performing-arts,0.28744264887208704,0.5820955181948222,0.04382084730804444,0.08050016236341738,0.00614082326162893
substack:ending-big-government-essential-case-capitalism-freedom-michael-dahlen,0.23899799206518474,0.6375119189254744,0.06077173147898644,0.02999648881644684,0.03272186871390767
substack:three-great-modern-poets,0.15894331225400574,0.14615667182244083,0.2543250211147513,0.3883659341539528,0.05220906065484949
substack:deep-work-rules-focused-success-distracted-world-cal-newport,0.05522116445222889,0.4802086359899081,0.28505943222738267,0.10378238959853314,0.07572837773194745
substack:peak-secrets-new-science-expertise-anders-ericsson-robert-pool,0.4739681373041204,0.05892542052257042,0.26578874627254073,0.17950779240892747,0.021809903491840983
substack:art-game-design-book-lenses-2nd-ed-jesse-schell,0.05000420072196162,0.28545672457198734,0.27631132565277355,0.38052825162241233,0.007699497430865605
substack:soul-chef-journey-toward-perfection-michael-ruhlman,0.3825910612051209,0.3989798341254099,0.1557493325481609,0.054405923796648395,0.008273848324659985
substack:a-report-on-capitalism-unlocking,0.05615467345979456,0.8863780298966453,0.012773471977731174,0.006205051889623669,0.038488772776205375
substack:hillary-johnson-and-trump-oh-my,0.10904691393855322,0.4737835671064965,0.016837552092100454,0.008564401514423434,0.3917675653484265
substack:dave-rubin-and-the-return-of-classical-liberalism,0.11100003268093925,0.7267564269112414,0.01680169848597249,0.008756274605165851,0.13668556731668086
substack:alex-epstein-leaves-ma-attorney-general-maura-healey-naked-with-a-gun,0.24386358799303243,0.6478698383003232,0.052902350442509294,0.013259606881798485,0.04210461638233666
substack:liberal-right-vs-regressive-left-and-religious-right,0.010069097970885392,0.001614267832504173,0.0015828258516793555,4.8091758917498997e-4,0.9862528907557562
substack:richard-m-salsman-on-caricatures,0.05744860470285265,0.4512238110510255,0.018286992629699145,0.009114453224930263,0.4639261383914924
substack:reclaiming-spirituality-for-lovers-of-life,0.002386440363802291,0.0031252734538731383,0.29998502797098286,0.08045365298290574,0.6140496052284361
substack:individual-rights-and-principles-of-egoism,0.044028925418254344,0.3477537191078982,0.016748098490440746,0.010225685292456169,0.5812435716909505
substack:the-socialist-holocaust-and-its-american-deniers,0.45137014647736573,0.10610184978827902,0.023958803634441646,0.009394438843584181,0.40917476125632934
substack:defending-free-speech-edited-by-steve-simpson,0.051040405322315185,0.5871153084583834,0.011311612071249914,0.00583692545763089,0.3446957486904205
substack:the-roots-of-capitalism-and-statism-in-the-west,0.1754778740778877,0.7378383448969611,0.01117585627838486,0.007845402927653145,0.06766252181911311
substack:the-cave-and-the-light-plato-versus-aristotle-and-the-struggle-for-the-soul-of-western-civilization-arthur-herman,0.1888104442696883,0.25775724656581595,0.19087378795657853,0.35341101456078733,0.009147506647129624
substack:the-greeks-and-americas-founding-fathers-part-1-the-greek-frame,0.1773325311617778,0.55437281849458,0.047112186113338665,0.20278457734447042,0.018397886885832965
substack:liberal-education-and-the-quest-for-truth-freedom-and-greatness,0.46202465362819567,0.2659711026038361,0.20466221328031403,0.03880783824031766,0.02853419224733649
substack:liberated-parents-liberated-children-your-guide-to-a-happier-family-adele-faber-elaine-mazlish,0.0591899688012546,0.21408681688649253,0.6639015929093044,0.040377103666621186,0.022444517736327416
substack:norman-rockwell-behind-the-camera-ron-schick,0.08541209783059969,0.30182708508023326,0.49776320417637504,0.10596741567644019,0.009030197236352153
substack:weighing-gary-johnson-for-president,0.276507966390655,0.18258505548037277,0.03406257121793736,0.010737097582510834,0.49610730932852415
substack:911-and-americas-failure-to-end-the,0.3855193321122683,0.029995213213569828,0.01688613290964575,0.006768191421655358,0.5608311303428607
substack:how-to-talk-to-anyone-about-energy-alex-epsteins-principles-of-persuasion,0.1267629461188745,0.7802754721567917,0.0378658498117503,0.024766245565051342,0.030329486347532048
substack:one-doesnt-belong-shapes-book-teachers-guide-christopher-danielson,0.0470898355046055,0.3448130677634891,0.4429928654703166,0.14163692332732236,0.023467307934266657
substack:bad-parenting-bad-education-and-the-state-of-america,0.2754108352821091,0.2683046582044764,0.15912845535884929,0.19625665717715846,0.1008993939774069
substack:government-crushes-for-profit-colleges-jobs-students-dreams,0.7695777987347703,0.14234425751481927,0.0361703881267023,0.011866891312449869,0.04004066431125825
substack:americas-next-leftist-president-donald-trump,0.38938503472057195,0.021422140063642053,0.10224531590367056,0.004205133916926805,0.4827423753951888
substack:ayn-rands-intellectual-development,0.05822557885855334,0.8171390412455583,0.04993748529908562,0.026289202421690156,0.04840869217511276
substack:vindication-joseph-mccarthy,0.9327281079569146,0.024869637934897104,0.010736126325384378,0.005448743290559042,0.026217384492244748
substack:c-bradley-thompson-making-capitalism-known-ideal,0.0414389176062275,0.9224258027349129,0.007004564051140836,0.005087864605793436,0.02404285100192524
substack:vaccine-facts-falsehoods-best-policies,0.7377904045738617,0.14818712688436647,0.044345690846454705,0.05293972040269814,0.0167370572926186
substack:judicial-review-objective-legal-system-tara-smith,0.21361085922289735,0.6593038712518479,0.015868189262672555,0.012437448930236877,0.09877963133234517
substack:greeks-americas-founding-fathers-part-2-learning-not,0.05488114494986978,0.7797217581216305,0.03546238578986699,0.11487847173548967,0.015056239403143145
substack:man-moon-voyages-apollo-astronauts-andrew-chaikin,0.4817913862236418,0.2634283986062168,0.055881759254370174,0.1923208834318771,0.006577572483894355
substack:national-reviews-mo-regarding-ayn-rand,0.01496558083847105,0.03986570454760933,0.16260262922647878,0.005027894444556929,0.7775381909428839
substack:jim-brown-is-the-new-ceo-of-the-ayn-rand-institute,0.22129503108948093,0.7038414480671804,0.02535745897135895,0.03382859854178174,0.015677463330197598
substack:netanyahu-reads-nothing-less-than-victory,0.3474321562931895,0.5724567706000087,0.03409707463479061,0.028291306821795086,0.01772269165021617
substack:capitalism-because-science,0.03349406842045047,0.0016424434142937824,0.00278875280082767,0.008793027910307278,0.9532817074541208
substack:why-treat-yourself-to-something-special-on-randsday,0.03705842266996746,0.36644794027870853,0.03547243200279236,0.03707166829414744,0.5239495367543842
substack:regressive-leftists-promote-milo-yiannopoulos-by-attacking-free-speech,0.8413791433466994,0.09547411301216346,0.015621372892563367,0.01049575388692657,0.03702961686164727
substack:jim-brown-new-role-ceo-ayn-rand-institute,0.012499154477160128,0.46926089012307803,0.4364955353833929,0.03232309376250253,0.04942132625386634
substack:seeing-central-park-by-sarah-cedar-miller,0.34339100806460215,0.18049198662928306,0.03104349763958405,0.4409690890853292,0.004104418581201669
substack:extortion-by-peter-schweizer,0.7137688738889625,0.04668185675874108,0.015906646810395452,0.00740581395721957,0.2162368085846814
substack:ayn-rand-contra-nietzsche,0.03566846342352554,0.9046108280013245,0.024686895452321653,0.01763379210417569,0.017400021018652796
substack:america-at-her-best-is-hamiltonian,0.4822662187376506,0.18948770204329315,0.09062305015806305,0.012514329246919633,0.2251086998140736
substack:the-greeks-and-americas-founding-fathers-part-3-the-two-freedoms,0.28525579186140537,0.519956068641086,0.035455937749621316,0.1435732134791345,0.015758988268753146
substack:the-vital-function-of-the-left-right-political-spectrum,0.007345572969407097,0.007876246754389103,0.002282712825579905,8.035881890313653e-4,0.9816918792615926
substack:dont-blame-republicans-for-failure-to-repeal-obamacare,0.10977807690915778,0.04263270559887279,0.28822214290882825,0.01230866018986217,0.547058414393279
substack:bill-nyes-golden-opportunity-to-crush,0.03907467709826079,0.8962068632664014,0.008582348312884932,0.0049551759214963124,0.05118093540095654
substack:my-non-sacrificial-donation-of-stem-cells-to-save-a-life,0.1649014590683625,0.053740042922709015,0.712936679305232,0.03325224150807367,0.03516957719562286
substack:enslaved-by-altruism,0.1782271887906887,0.06928781990495234,0.01993621202663003,0.006059299236490233,0.7264894800412387
substack:dennis-pragers-faith-meets-jihad-in-the-name-of-god,0.06443141869910629,0.27732874001202157,0.06480483803470222,0.014343361293408527,0.5790916419607613
substack:ayn-rand-included-on-a-level-curriculum,0.12054624909987034,0.5756266315089369,0.12904848584104114,0.024234758738244103,0.1505438748119074
substack:secular-objective-morality-look-and-see,7.211567343781877e-4,0.0011921544110159441,0.002256503825104829,0.00493409090149515,0.9908960941280058
substack:a-challenge-to-dennis-prager-about-secular-morality,0.03146010409903414,0.4301612144026682,0.015463583530377337,0.005323146026342788,0.5175919519415775
substack:adam-smith-institutes-eamonn-butler-extols-ayn-rand,0.034241925716288785,0.5683784659020285,0.02923162006161552,0.013266074502668052,0.3548819138173992
substack:richard-m-salsmans-the-political,0.40756775613497914,0.4398629929242457,0.038689223604132274,0.09162335860724227,0.022256668729400332
substack:ron-chernow-gets-america-at-her-best,0.2539622445790108,0.6453197561985525,0.04758308066408991,0.04700974307971476,0.006125175478632133
substack:the-muddy-waters-of-the-nolan-chart,0.006396008988635884,0.011678226211423812,0.004019212658705549,0.0015323689124225656,0.9763741832288122
substack:why-the-prager-shermer-debate-will-go-essentially-nowhere,0.05821160688218178,0.2500914596795235,0.020551560213060423,0.006573334198391095,0.6645720390268431
substack:religion-is-super-subjectivism,0.002945911582953692,0.004146745786420387,0.006206668881190463,0.0016678839319052281,0.9850327898175303
substack:reason-and-capitalism-or-unreason-and-environmentalism-choose-wisely,0.011857586779371416,0.009552836860913296,0.005996930881688923,0.0016347703451734356,0.9709578751328529
substack:the-poor-disabled-and-helpless-under-capitalism,0.006021999288748146,0.0036212732227097295,0.2178962479384419,0.004455719365864357,0.7680047601842359
substack:the-shapiro-principle-a-godsend-for-lovers-of-liberty,0.019614733058788424,0.03008300573176166,0.006450030782837145,0.0021491794811447657,0.941703050945468
substack:a-step-toward-rational-secularism-is-better-than-none,0.04561752997183047,0.14594716697072965,0.015804701787363973,0.005719361532837924,0.786911239737238
substack:shapiro-denies-and-affirms-the-law-of-identity,0.033367764122351,0.050649239370331875,0.055738419706628406,0.019002239722288036,0.8412423370784007
substack:seven-great-poems-on-independence,0.10262935294745949,0.21777861494258635,0.6264285019200081,0.04437583897186326,0.008787691218083123
substack:egoism-benevolence-and-generosity,0.02587490172367694,0.025549525144738315,0.5379689457176563,0.005569425656956751,0.4050372017569718
substack:captain-cook-explorer-of-the-enlightenment,0.1978745521794406,0.18394520206978585,0.06515158548910756,0.5283514205886014,0.02467723967306468
substack:questions-about-jihad-on-children,0.056175519588661876,0.03732903974697987,0.01828478988145241,0.004057373556962307,0.8841532772259435
substack:otto-warmbier-and-the-travesty-of-negotiating-with-tyranny,0.9025566065970183,0.03747427606054958,0.015032573846317239,0.006756010803753686,0.038180532692361074
substack:altruism-smothers-a-republican-revolution-again,0.4812238316954352,0.062393551398112826,0.018258790774412545,0.008718296128188802,0.4294055300038506
substack:richard-dawkins-kpfa-and-the-illiberal-un-american-left,0.36819173848253595,0.555997060483364,0.014428281359706816,0.013479655120365268,0.04790326455402806
substack:a-note-to-the-right-regarding-the-alt-right,0.05616717339909914,0.243663017074259,0.021033507763406196,0.006742293885483329,0.6723940078777524
substack:seven-poems-on-living-large-and-loving-life,0.056716430057224244,0.16661365517293147,0.7229831702331528,0.04561374387135369,0.00807300066533768
substack:alex-epstein-on-an-inconvenient-sequel-and-al-gores-methods-of-deception,0.02273716231241547,0.94632061377092,0.006937025314721342,0.003570822431182914,0.02043437617076006
substack:isaac-morehouse-on-praxis-apprenticeships-and-creating-value,0.08896514593590003,0.7875325560738878,0.06898751884946261,0.02152674053014927,0.032988038610600116
substack:reason-in-rhyme-a-philosophic-oratorio,0.03068269908509653,0.7341732998812727,0.05561910339367904,0.17437002215781644,0.005154875482135518
substack:thomas-jefferson-word-and-deed,0.8255128513269026,0.08343536737536696,0.046315956418009285,0.022639931095613387,0.022095893784107763
substack:the-political-economy-of-public-debt-by-richard-m-salsman,0.26212454624883824,0.4935054300156582,0.08013618430165698,0.14408709456523777,0.020146744868608627
substack:in-defense-of-editing,0.012130779816944657,0.16782813561365895,0.7588835671718039,0.057101913707661406,0.004055603689931396
substack:a-companion-to-ayn-rand,0.1841403282758111,0.6970159190057174,0.05739958277617554,0.054633102932071805,0.006811067010223774
substack:freedom-of-speech-is-freedom-to-think,0.04509959944440541,0.27381006015752446,0.015822974162029,0.006050210452199327,0.6592171557838419
substack:lt-gen-silverias-stand-against-racism,0.46545725455730186,0.08106761395626207,0.31910812142481804,0.047782624038562205,0.08658438602305582
substack:nobel-prize-awarded-to-kazuo-ishigurokindred,0.11310190011426884,0.1818714125330025,0.5887819357582964,0.10444081845070437,0.011803933143727501
substack:the-federalist-papers-brought-the-us-constitution-to-life,0.7021574798069763,0.18558872278084151,0.039925531991885595,0.048886511366683635,0.02344175405361284
substack:a-plea-for-voluntaryism,0.2457822656043688,5.843938041148942e-4,0.5978645523926888,8.907301856126358e-4,0.15487805801321494
substack:eight-great-poems-on-perseverance-and-success,0.016452836076722866,0.02359227892129064,0.9366723777641822,0.019756506217099006,0.0035260010207052443
substack:thirteen-previously-unpublished-letters-of-ayn-rand,0.04302101696810621,0.03618375877928451,0.8723109517013726,0.003769118864800281,0.04471515368643656
substack:from-the-editor-winter-20172018,0.04535097776879145,0.9036981609791925,0.018361590538180053,0.01909353911871929,0.013495731595116437
substack:intelligent-disobedience-by-ira-chaleff,0.06880127550095431,0.19121655979915514,0.17418078462361616,0.018722552259670653,0.5470788278166037
substack:the-internet-of-money-by-andreas-m-antonopoulos,0.8110175855469685,0.09276725703102574,0.05047604591009873,0.026284567767015383,0.019454543744891698
substack:wilberforce-the-abolitionist,0.5659524120571814,0.3421605780285657,0.020028237485745982,0.010276659451276161,0.061582112977230846
substack:a-dearth-of-eagles-by-andrew-bernstein,0.38154086667100556,0.5257121831887848,0.03455481177954664,0.052351469905430346,0.005840668455232886
substack:the-vanishing-american-adult-by-ben-sasse,0.5771023563201274,0.32021574202173486,0.04932799773814984,0.027972992286915885,0.025380911633071844
substack:right-protest-no-thing,0.27452455572292483,0.05577411625884788,0.35120403362352476,0.014429986803489775,0.304067307591213
substack:the-supreme-courts-opportunity-to-legalize-privacy,0.3749907060941032,0.4563355113311229,0.07396994880710397,0.012857589910724724,0.08184624385694501
substack:dont-thank-producers-for-giving-back-just-thank-them-for-producing-and-giving,0.16330915147749314,0.29956134751111096,0.29598677056502204,0.05838772426764537,0.18275500617872847
substack:dont-draft-women-dont-draft-anyone,0.7004605058562136,0.13246165615344077,0.0709969611275286,0.01903419694552347,0.07704667991729355
substack:on-writing-well-the-classic-guide-to-writing-nonfiction-seventh-edition-by-william-zinsser,0.053381752653808116,0.7425803285490223,0.06325738323737404,0.1349707166977891,0.005809818862006623
substack:carrie-ann-biondi-on-ayn-rands-enduring,0.022982938272676827,0.9353148070982635,0.022543632105662483,0.015986526540821232,0.0031720959825757905
substack:boston-tea-partys-principles-heroes,0.7958554146719902,0.06783942622249704,0.06413410576782674,0.02143397712465699,0.05073707621302931
substack:alma-deutscher-the-first,0.5894818556398647,0.2029707635079519,0.05473073690009755,0.14610670124641786,0.006709942705668427
substack:jon-wos-lighting-the-darkness,0.38502219646153496,0.4312277917839028,0.08863047322240974,0.08623785929173505,0.008881679240417563
substack:u-s-government-must-support-iranian-protesters,0.33476054341273964,0.04854906994363125,0.017609906733985173,0.006833763052713748,0.5922467168569302
substack:live-free-or-die-the-story-of-general-john-stark,0.8943842266749793,0.04785460596166762,0.02669693982070894,0.019364472618132695,0.011699754924511176
substack:contra-ben-shapiro-rational-self-interest-is-not-hedonism,0.02681509812021084,0.30129851291457854,0.1621533959597511,0.017405427674126926,0.4923275653313326
substack:it-was-time-for-every-man-to-stir-thomas-paines-common-sense,0.918817187834183,0.04054209978736035,0.011074568202917832,0.0056828787018409375,0.02388326547369781
substack:shithole-countries-moral-ambitiousness-economic-parallels,0.5164293106416163,0.0462546287909173,0.13412871650286684,0.012595586421337372,0.2905917576432621
substack:altruism-on-parade-unity-in-the-march-for-life-and-the-womens-march,0.7346228786550554,0.20475258014108694,0.016207569363843485,0.01022300717652336,0.03419396466349059
substack:rooseveltcare-social-security-sabotaging-land-self-reliance-don-watkins,0.4149267830352423,0.48675952371238973,0.015012626021992543,0.009467828954540992,0.07383323827583463
substack:alex-epstein-on-the-power-of-opinion,0.009168074407384319,0.15610053670563911,0.820393881790229,0.009097957360148332,0.005239549736599357
substack:heres-whats-wrong-ayn-rands-philosophy,0.0015766734670995242,0.0027572580686337144,0.052205295328496014,0.003028689422923524,0.9404320837128471
substack:nine-beautiful-poems-romantic-love,0.0958099746926899,0.1796974637178636,0.6248865628596093,0.09067723194361663,0.008928766786220427
substack:ben-shapiro-and-the-garbage-smear,0.073888040935582,0.3966152322670161,0.02774394310105979,0.03015840526855452,0.47159437842778745
substack:says-law-and-networking,0.17705445887449853,0.06834932246043685,0.04773436750172352,0.025992482481223586,0.6808693686821174
substack:carl-barney-on-objectivism-and-success,0.19765473765760894,0.5331813913368458,0.2092267765501007,0.03790458900514987,0.02203250545029486
substack:editor-spring-2018,0.1039555395666732,0.5783229390278042,0.20505843914973615,0.018091826853385833,0.0945712554024007
substack:self-made-men,0.15001501364212935,0.6289104841184123,0.061013057737597506,0.1431429351901736,0.016918509311687518
substack:robert-ingersoll-intellectual-moral-atlas,0.7462869718276683,0.048418299932530724,0.02991516813281042,0.00978169195778075,0.1655978681492098
substack:frederick-douglasss-vision-manhood,0.7422717124208312,0.007785911423788542,0.22780678722430278,0.016675491449895906,0.005460097481181239
substack:happy-birthday-george-washington,0.7448838985786765,0.08062251109020449,0.020453736294238745,0.008028755741450554,0.1460110982954296
substack:henry-ford-on-the-justice-of-income-inequality,0.25887340768393435,0.23828574380375994,0.3212012434091853,0.033609844797013545,0.1480297603061069
substack:act-worthy-of-yourselves-joseph-warren-on-defending-liberty,0.8758236723298561,0.016739075824755013,0.0358681457183839,0.04636953521131246,0.02519957091569222
substack:the-new-york-post-disgraces-itself,0.13302343132102146,0.7581389406470995,0.013572415905673338,0.0078520350453137,0.08741317708089195
substack:hamiltons-bank-of-new-york-put-the-city-back-in-business-and-the-u-s-on-the-map,0.8847026227523126,0.05139284935751248,0.03289747569355801,0.020147443092492154,0.01085960910412458
substack:free-speech-property-and-the-right-to-discriminate,0.4693068250606014,0.1536688137955749,0.04023941132604435,0.012132164781235709,0.32465278503654355
substack:robert-reichs-unoriginal-smear-against,0.23911149975137216,0.6508124770721492,0.01975494444030341,0.008966860112468887,0.08135421862370648
substack:googles-triumph-of-relevance-over,0.14179553714583498,0.06764480134589075,0.7343216736583051,0.029070941293096203,0.0271670465568728
substack:patrick-henrys-give-liberty-give-death-speech,0.8833451770340225,0.052699693388191804,0.032322265483029015,0.01691656726807486,0.014716296826681631
substack:dave-rubin-and-the-argument-from,0.15235359267678522,0.38497259283245955,0.01842504762793557,0.010304661386165306,0.43394410547665446
substack:the-big-lie-exposing-the-nazi-roots-of-the-american-left-by-dinesh-dsouza,0.30341358430192844,0.4359808225736195,0.02632626757291803,0.010073048774196845,0.22420627677733712
substack:tal-tsfany-on-sophie-the-book,0.03286878165813577,0.910542910497391,0.026248616044255192,0.02664106406783739,0.003698627732380379
substack:toastmasters-a-means-to-actualize,0.034959345224749853,0.04849782596626604,0.8658025632863091,0.017577840924843498,0.03316242459783154
substack:john-lautner-and-real-architecture,0.10997780503202863,0.15801701373893137,0.1773049539695562,0.5476165064948595,0.007083720764624047
substack:henry-hazlitt-in-one-lesson,0.39991263379911696,0.08973966630311102,0.2463097518787549,0.08372692164690584,0.18031102637211124
substack:jackie-robinson-the-best-kind-of-american-hero,0.7459030654314742,0.15896288714812376,0.03441969165881514,0.04616004936170728,0.014554306399879443
substack:the-genius-of-james-madison,0.5977644806933813,0.30632088546580144,0.03227484127031874,0.012522307850862134,0.0511174847196363
substack:james-shaw-jr-s-heroism-and-objective-morality,0.5044531057251685,0.06582622715566008,0.3557989401710046,0.04680663445038006,0.027115092497786656
substack:benjamin-franklin-the-enlightenment-personified,0.3237110580412343,0.07458948594047488,0.5230196349599926,0.04436008207930832,0.03431973897898978
substack:want-a-fun-way-to-keep-up-with-trumps,0.38155432204917095,0.061858986921990176,0.4882089060840487,0.025847690542438954,0.04253009440235127
substack:no-man-swings-more-or-stands-higher-than-the-duke,0.062193355094678396,0.41332464039430294,0.20189591331551182,0.3154041688548139,0.007181922340692819
substack:little-pink-house-dramatizing-the-horror-of-eminent-domain,0.8624728843682623,0.07645432587014434,0.016522704422803836,0.008137774903517126,0.03641231043527241
substack:happy-birthday-israel-and-kudos-to,0.3043822601195052,0.2396693240623577,0.021581315440623337,0.009245839977264492,0.42512126040024917
substack:sophie-tal-tsfany,0.02927418351990961,0.31908656703550425,0.5788945382502592,0.06638269942412715,0.006362011770199959
substack:happy-birthday-sir-arthur-conan-doyle,0.38080272056134695,0.32631646210654647,0.2084521115603754,0.07726964028165517,0.007159065490075809
substack:the-brooklyn-bridge-a-monument-to-the-human-spirit,0.6842580031337154,0.1514131961134068,0.10735321208201737,0.03682707969105866,0.020148508979801576
substack:from-the-editor-summer-2018,0.10203027077091557,0.7847635126468707,0.033459677129739476,0.04084584613788483,0.03890069331458968
substack:principles-of-the-liberal-right,0.002970875630817411,0.008509873269445408,9.029385312102803e-4,2.917948282591797e-4,0.9873245177402677
substack:the-horrific-injustice-against-tommy-robinson-and-free-speech,0.37260558064264776,0.1481758847176691,0.019856754542514947,0.00946791194171892,0.44989386815544924
substack:report-moral-foundations-capitalism,0.05496173081561498,0.836693813566102,0.013418588991483368,0.006096585402707792,0.08882928122409169
substack:roger-williams-creation-american-soul-church-state-birth-liberty-john-m-barry,0.5711635324198946,0.33869615386177016,0.04928360627650756,0.021889105359479306,0.018967602082348246
substack:mind-over-might-in-the-battle-of-midway,0.48779336054618977,0.12891232466920177,0.2357390330767303,0.10344723479092817,0.04410804691695006
substack:tommy-robinsons-right-to-free-speech-morally-trumps-all-laws-that-violate-it-even-that-one,0.5271143670636689,0.038880149443097436,0.14041895466163207,0.003337193956263308,0.2902493348753383
substack:judge-leon-heroically-sets-rational-precedent-on-antitrust,0.9318789527400565,0.0232801073594995,0.012345970291946541,0.006620444372803354,0.02587452523569407
substack:donald-trump-and-kim-jong-un-enemies-of-human-life,0.6863398064417507,0.05501514270706964,0.05259026548059029,0.015603963676285445,0.1904508216943038
substack:nikki-haley-confronting-murderous-regimes-and-their-accomplice-the-un,0.5047619272382307,0.18030744073626068,0.022363236255537815,0.013981895941305288,0.2785854998286655
substack:the-declaration-of-independence-is-the-moral-and-legal-foundation-of-america,0.6021422853258287,0.15025921789329147,0.03892110472993985,0.012548319068126727,0.19612907298281324
substack:the-right-to-try-to-hope-to-live,0.9010189326583474,0.042046371092640804,0.01573805467274323,0.007864425658497015,0.033332215917771545
substack:an-open-letter-to-advocates-of-identity-politics,0.044073667186572164,0.03061751654656548,0.32119540506039934,0.008420300362347368,0.5956931108441156
substack:steve-ditkos-legacy-from-superheroes-to-moral-heroes,0.16221965011132913,0.20055135960894935,0.5231060154503419,0.10537105976965333,0.00875191505972591
substack:facts-and-values-whats-the-connection,0.021314322300284943,0.2096628672580484,0.03713994365798403,0.01244073285702605,0.7194421339266567
substack:bad-blood-secrets-and-lies-in-a-silicon-valley-startup-by-john-carreyrou,0.6605729788590409,0.09102714035062605,0.2291803293835606,0.010473363495266123,0.008746187911506083
substack:the-passion-of-socialists,0.19056784967797075,0.034768619434547274,0.17742414259330203,0.007860756226015064,0.589378632068165
substack:einsteins-pivotal-letter-to-fdr,0.6471417720913691,0.052385937494362454,0.08110338823373105,0.2018423824848538,0.01752651969568345
substack:identity-politics-vs-the-law-of-identity,0.02320284549138844,0.02067203190174049,0.011533973292026012,0.0028031335197626923,0.9417880157950823
substack:heroes-and-villains-in-american-education,0.4070233276916108,0.05418182628507362,0.43588096378013824,0.10114956981591537,0.0017643124272621134
substack:from-the-editor-fall-2018,0.1439822720855439,0.4411112081310886,0.3209332749890121,0.0059748853967818375,0.0879983593975735
substack:mark-pellegrino-on-the-american-capitalist-party,0.05466765532602521,0.3158635716441849,0.030320033843068712,0.008405612924433424,0.5907431262622878
substack:jesse-mccarthy-on-montessori-and-independence,0.04325081236772616,0.04134114280414807,0.8844632894158017,0.018106632808452254,0.01283812260387215
substack:sequoyah-and-the-vital-nature-of-the-written-word,0.22951382410696675,0.7097883100567943,0.026954384930685988,0.029476938620334906,0.004266542285218442
substack:tos-and-ari-have-resumed-cooperation,0.18111236424680288,0.6626995411646203,0.023275608221364277,0.009730027876070689,0.1231824584911417
substack:the-human-flourishing-project-podcast,0.08564088150591541,0.42337916391253844,0.3484868732995533,0.11159233701579706,0.030900744266195712
substack:marva-collins-her-method-and-her-philosophy-for-living,0.2246734018045469,0.18117649929492766,0.28125260494439147,0.2911693048867198,0.02172818906941429
substack:bad-science-quacks-hacks-and-big-pharma-flacks-by-ben-goldacre,0.06874017255722514,0.1663529601620748,0.4109492995950357,0.2883229630297149,0.06563460465594947
substack:dr-josh-umbehr-on-the-rapid-growth,0.5159750571570243,0.055860135460372974,0.35314645993723087,0.027906665267322696,0.047111682178049064
substack:an-officer-and-a-spy-by-robert-harris,0.22096962327025235,0.4924754597214446,0.04399401162953401,0.18346714826274368,0.05909375711602512
substack:natures-god-the-heretical-origins-of-the-american-republic-by-matthew-stewart,0.5361632695882306,0.2634531889295875,0.03883715921156465,0.03247830385397517,0.12906807841664197
substack:designing-your-life-around-your-values-and-desires,0.028217284210978147,0.175757202390479,0.7304918154842915,0.03227743902480588,0.03325625888944537
substack:are-we-smart-enough-to-know-how-smart-animals-are-by-frans-de-waal,0.13323341135099362,0.06998296586202372,0.7127194454803248,0.057691993639572406,0.026372183667085127
substack:what-justice-demands-america-and,0.6141122369997004,0.30568169800684153,0.018464973892297797,0.011070596853877462,0.05067049424728268
substack:the-bitcoin-standard-the-decentralized-alternative-to-central-banking-by-saifedean-ammous,0.8738756502492274,0.05033080415506279,0.030415312831895067,0.031319362509964116,0.014058870253850234
substack:how-to-challenge-racism-in-college-admissions,0.8775097143743734,0.030243326882882164,0.023177401246151877,0.006977159496949751,0.0620923979996429
substack:the-tree-of-life-massacre-murder,0.20484363294728944,0.10433507127658666,0.06501947976112477,0.010130978391947603,0.6156708376230515
substack:europe-wades-further-into-sharia,0.37079472362835325,0.040333583320508785,0.02010736292689088,0.007038482169149078,0.561725847955098
substack:ayn-rands-method-for-slaying-monsters,0.022069141472281388,0.8640959667081275,0.07178048864781914,0.03681018743656498,0.0052442157352071035
substack:remember-remember-the-ninth-of-november,0.9240240953298637,0.027962202206871963,0.022499855484558535,0.012452664887352045,0.013061182091353814
substack:dr-joseph-warren-architect-of-the-revolution,0.6158647506176049,0.2528527534247963,0.06236373340619911,0.03546530944406772,0.03345345310733206
substack:from-the-editor-winter-20182019,0.216938356279379,0.6572714501830967,0.028798952421425234,0.010853576013940672,0.0861376651021583
substack:funds-are-available-for-advancing-objectivism-an-interview-with-carl-barney,0.0519036769581175,0.08090429574175677,0.5936805823225219,0.029659712843222913,0.24385173213438108
substack:public-lands-collectivist-roots,0.8546545327406233,0.10503379422579688,0.010708170419375966,0.007562864367947473,0.022040638246256232
substack:the-mind-based-etymology-of-capitalism,0.19410725927926215,0.06041798401388934,0.11080145958245607,0.5078426684112967,0.12683062871309564
substack:the-need-for-philosophy-in-the-islands-of-the-blessed,0.2576664138877693,0.04259181228157875,0.19228384665426174,0.07524266116195182,0.4322152660144385
substack:objectivism-career-transitions-and-standing-orders-an-interview-with-craig-biddle,0.021751460959298478,0.9019537375266651,0.02214129628615966,0.01612570912489586,0.038027796102980814
substack:the-moral-courage-of-rosa-parks,0.9337103577329109,0.025701725280114676,0.018421920085097812,0.012431963150402984,0.009734033751473336
substack:a-dozen-christmas-gift-suggestions,0.025246346904925502,0.26521405395659625,0.6772060048574665,0.026367812040650446,0.005965782240361642
substack:four-fallacies-regarding-the-political-spectrum,0.04442527497583232,0.2741592372618655,0.018432901259705977,0.00659054340563108,0.6563920430969651
substack:in-order-to-live-a-north-korean-girls-journey-to-freedom-by-yeonmi-park-with-maryanne-vollers,0.7375037631454537,0.20340108860993905,0.01724789014300894,0.008993647463393055,0.032853610638205015
substack:why-a-right-to-health-care-is-a-moral-travesty,0.6807838354313606,0.18901195561306414,0.059425231321705956,0.011213501277323365,0.05956547635654611
substack:the-illusion-of-determinism-why-free-will-is-real-and-causal-by-edwin-a-locke,0.039441856855415534,0.2915345439317918,0.451167705999468,0.09072124658105019,0.1271346466322746
substack:environmentalists-marching-orders-for-human-extinction,0.5855435253767577,0.25365099984916584,0.03733365159968834,0.08417012003273576,0.03930170314165248
substack:a-life-enhancing-lesson-from-dickenss,0.04972975449423888,0.41079467004450104,0.46288791310138677,0.0695780126619026,0.007009649697970512
substack:minding-your-time-three-ideas,0.03699343442584395,0.24670166093565948,0.5928256492502374,0.10314395213020076,0.020335303258058355
substack:atomic-habits-an-easy-proven-way-to-build-good-habits-break-bad-ones-by-james-clear,0.4706810550295652,0.28781863750475456,0.18612859844075821,0.03563257206337644,0.019739136961545688
substack:why-praise-the-rose-parade,0.4210854734593899,0.08569630443348217,0.47037150854553017,0.01394383714450921,0.008902876417088337
substack:john-singer-sargent-the-master-of-elevated-grace,0.38699335720570466,0.42945212287122636,0.04762815089544749,0.130620176875257,0.005306192152364823
substack:a-new-window-on-scriabin,0.04442543154428562,0.3022606939720463,0.13544030930310566,0.51032949763045,0.007544067550112206
substack:liberty-what-is-it-why-is-it-good-on-what-does-it-depend,0.04042038969787622,0.9194470395792267,0.008094896037123525,0.004250966087213899,0.02778670859855982
substack:a-saturnalia-of-bunk-selections-from-the-free-lance-1911-1915-by-h-l-mencken,0.5570722254483658,0.2697470246178101,0.05167439881641142,0.11544429449455927,0.006062056622853614
substack:john-adams-and-the-spirit-of-liberty-by-c-bradley-thompson,0.9136349332550499,0.03896272395134323,0.011837852247025703,0.005839395382727219,0.02972509516385411
substack:celebrating-slack-key-and-the-sweetness-of-life,0.24799931389228036,0.35889902811565155,0.07792723205917705,0.30854668943817826,0.006627736494712347
substack:robert-morris-americas-financial-atlas,0.8611663759626739,0.04768643882378822,0.04654444527328217,0.019739513812077038,0.024863226128178494
substack:millard-sheets-and-the-art-of-banking,0.6026980114679391,0.12013301906327267,0.10150969370227521,0.16945088943406536,0.006208386332447638
substack:why-conservatives-are-defenseless-against-ocasio-cortezs-lethal-moral-code,0.06925494984874536,0.25558678988972894,0.47939811182464614,0.014105981954893444,0.1816541664819862
substack:joseph-conrad-no-faltering-no-shame-no-regret,0.1264868523080642,0.5992820785989214,0.05580978237980741,0.21261084699029958,0.005810439722907378
substack:seven-poems-celebrating-free-will,0.07384063408176147,0.03212771245553695,0.862668872505051,0.026589763956824827,0.004773017000826077
substack:heroes-of-great-literature,0.040263894523991706,0.17397995268168837,0.4779398418192005,0.3005617636461891,0.007254547328930153
substack:from-the-editor-spring-2019,0.019668263810236793,0.8681123881443976,0.09120003635756253,0.0070442876965468425,0.013975023991256467
substack:liberty-what-is-it-why-is-it-good-on-what-does-it-depend-2,0.0011467466156912728,0.0010341248704849662,5.77885811717071e-4,1.437510806447447e-4,0.997097491621462
substack:tal-tsfany-on-the-state-and-future-of-the-ayn-rand-institute,0.022957911265522206,0.9521616414851131,0.0053449336398286775,0.002931649232530614,0.016603864377005093
substack:intelligent-disobedience-for-children-a-handbook-for-parents-and-caregivers,0.021800476450794696,0.021855622329100655,0.9306766051211307,0.012624122406358258,0.013043173692615817
substack:timbs-a-victory-for-due-process-and,0.8430611574760724,0.029954367254940578,0.014918823161258584,0.0063434030703491875,0.10572224903737931
substack:max-hastings-and-the-tragedy-of-war,0.34030380880905303,0.5333039746047662,0.045977182458988235,0.06404685799420849,0.016368176132983702
substack:essentialism-the-disciplined-pursuit-of-less-by-greg-mckeown,0.055772389170952466,0.09517485821687409,0.7972304422900008,0.031086966578892393,0.020735343743280066
substack:prince-henry-launched-the-age-of,0.6397921106395205,0.13047529865828303,0.08058401719785085,0.12905861692227516,0.020089956582070474
substack:jason-hill-vindicates-the-american,0.2868447964957396,0.09997953571614916,0.47147449911708167,0.012300138058933893,0.1294010306120957
substack:miles-daviss-kind-of-blue-at-sixty,0.12373536934482177,0.2613520014800112,0.10406189083911425,0.5052482461631616,0.00560249217289103
substack:the-hard-won-wisdom-of-a-former-bigot,0.08442910846028162,0.06813352425372818,0.7037601139177875,0.0114488788785416,0.13222837448966132
substack:look-for-beauty-not-ugliness-daniel-chester-french-and-american-sculpture,0.8130672434278093,0.0743687060498601,0.06342394888781902,0.04484362702690208,0.004296474607609426
substack:flying-is-safer-than-eating,0.5480786293644224,0.2824382944916722,0.06289762145843199,0.08816996645673847,0.018415488228735063
substack:digital-minimalism-choosing-a-focused-life-in-a-noisy-world-by-cal-newport,0.0455002889223942,0.8375252984257817,0.05882375150562661,0.019769699125502745,0.03838096202069461
substack:john-gillis-romantic-realism-architecture,0.04137608952440174,0.4877875275256377,0.15540342375368657,0.30951147616099844,0.005921483035275475
substack:poets-spring-appraisals-man,0.09163408516826578,0.1170244761333948,0.6150752787965466,0.16682051172015439,0.00944564818163849
substack:how-jamie-dimon-should-have-answered-representative-katie-porter,0.8935187052838574,0.05786594984293387,0.01519012417646075,0.006538675223429457,0.02688654547331833
substack:enlightenment-now-the-case-for-reason-science-humanism-and-progress-by-steven-pinker,0.23564772273550444,0.37089559024484914,0.15483285565835667,0.21047200825778312,0.028151823103506925
substack:little-candle-bright-light-the-story,0.05076703258153431,0.634308591561342,0.27563501826465664,0.024343402793318484,0.01494595479914859
substack:how-wine-appreciation-can-enrich-your-life-an-interview-with-adam-edmonsond,0.052235862293196496,0.775659352156135,0.1263623025183196,0.02738867184975922,0.018353811182589656
substack:john-locke-and-natural-philosophy-by-peter-anstey,0.08849268754079494,0.4328108385892248,0.03596214942422505,0.4238876959562785,0.0188466284894768
substack:buster-keatons-silence-was-golden,0.04170009776438186,0.7822437376348339,0.0730483455609874,0.09805035802292537,0.004957461016871858
substack:salk-and-sabin-the-rivalry-that-killed-polio,0.5837529985621622,0.08288435750903243,0.19116810133867634,0.11216729142172564,0.030027251168403383
substack:sense-being-preferable-to-sound,0.8576145974392096,0.05925928882794074,0.04050886227261695,0.027549242213846074,0.015068009246386172
substack:monticello-portrait-of-its-designer,0.6805719133630364,0.12944896030041905,0.09119275602163253,0.09316331472462754,0.005623055590284641
substack:from-sea-to-shining-sea-the-heroes-and-villains-of-the-first-transcontinental-railroad,0.646045169101358,0.06158226063543106,0.20585506946942192,0.05090705368275563,0.03561044711103352
substack:from-the-editor-summer-2019,0.14193854502919342,0.4421029474931586,0.023036930384128598,0.008494679492733057,0.3844268976007863
substack:purpose-comes-from-reason-not-religion,0.04939516049951377,0.10253073465844038,0.08679151281770055,0.023607100640987116,0.7376754913833582
substack:liberating-public-lands,0.7083568428007482,0.03440666398403893,0.02579224695765679,0.007703416494607101,0.22374082976294893
substack:john-marshall-dual-sovereignty-one-republic,0.1780406938149825,0.1007257329622768,0.25509686011155164,0.44446785704237346,0.021668856068815825
substack:thanks-to-science-allergies-dont-have-to-keep-you-down,0.2524223981816888,0.1329906601306643,0.5306618618426785,0.040379527326740605,0.04354555251822796
substack:socrates-dramatizing-the-history-of-western-thought,0.026294053537602502,0.9164563092225742,0.026570219064894967,0.02768782437224871,0.0029915938026798088
substack:dr-ruth-preaching-the-goodness-of-sex,0.07814989338469672,0.3564887599563376,0.4895243779275782,0.044069783884536154,0.03176718484685125
substack:joan-of-arc-heroine-of-france-exemplar-of-courage,0.33162896105341655,0.05360510334443088,0.4275688353590683,0.16059464369147952,0.02660245655160473
substack:jerry-goldsmiths-voice-of-idealism,0.059092092618099196,0.4653810290544429,0.07615289128265747,0.3938978756027998,0.005476111442000506
substack:deriving-more-joy-from-one-of-lifes-richest-sources,0.21106403108039112,0.06559641591742067,0.6262626510386067,0.06784292027511232,0.02923398168846917
substack:a-wonderful-tribute-to-carl-barney,0.13068819130773404,0.7078436372418309,0.04664562361658052,0.058409219766433144,0.056413328067421484
substack:scientific-morality-and-the-streetlight-effect,0.006237418651349482,0.2491165516054961,0.008412249043212494,0.013635723492244099,0.7225980572076979
substack:tulsas-art-deco-heritage,0.6024327089199358,0.08187066130741955,0.10557583682401114,0.20406104977989173,0.006059743168741355
substack:how-john-h-patterson-modernized-industry,0.8010763824188717,0.06316612534611088,0.07511788849587989,0.03328693384001609,0.02735266989912152
substack:the-green-new-deal-a-plan-to-sink-america,0.359389779972767,0.056763578413453204,0.04168005994977282,0.28332240365171113,0.2588441780122957
substack:suffused-with-sunlight-the-paintings-of-john-white-alexander,0.1036578865544175,0.12359112219939547,0.11478358578499928,0.6523626272377862,0.005604778223401119
substack:the-argument-from-intimidation-a-confession-of-intellectual-impotence,0.026776336985835796,0.14665893626373125,0.30664873009058924,0.1193108672277657,0.40060512943207793
substack:rene-marie-a-voice-of-independence,0.2598621706731298,0.6063400766149913,0.06393084624250438,0.06288246979503181,0.006984436674342616
substack:free-to-focus-a-total-productivity-system-to-achieve-more-by-doing-less-by-michael-hyatt,0.36906064078798695,0.16323513087120659,0.4033882531525714,0.03386658621137585,0.03044938897685913
substack:washington-crossing-the-delaware-a-beacon-of-the-american-spirit,0.6047895369785988,0.3092093098673831,0.03757404937576707,0.043503229650910274,0.004923874127340435
substack:the-enigma-code-breakers-who-saved-the-world,0.6573177894350434,0.10265411633540508,0.09897381839020372,0.12283602687447313,0.018218248964875138
substack:john-miltons-lovers-in-paradise,0.3285825062077506,0.11685173980435005,0.39934428140216893,0.14721673601467636,0.008004736571054091
substack:pimpernel-smith-1941,0.02866816719131607,0.9324948556862923,0.018809171831602335,0.017317347692585586,0.002710457598203789
substack:regarding-carl-barney-and-scientology,0.05086108526445629,0.848618297134741,0.04137461908825922,0.01834456916783279,0.04080142934471047
substack:zora-neale-hurston-put-nothing-above,0.12065944115319488,0.6844379173257475,0.061069335631128416,0.1275410418308741,0.0062922640590547755
substack:entrepreneurs-in-space,0.40283911882307233,0.07671368083633032,0.09220621261288721,0.3847268976650124,0.043514090062698005
substack:how-i-avoided-the-struggles-of-most-young-gay-people,0.07548132407720713,0.05450835600162458,0.7193087195537822,0.013045924131576325,0.1376556762358098
substack:alt-education-is-filling-a-void-that-colleges-cant,0.20808152574667985,0.35548993737197176,0.3785100466088277,0.027784122552934578,0.030134367719585945
substack:the-battle-for-values-in-american-westerns,0.3706425761707795,0.5365982697821309,0.04766781932727093,0.0389142747303923,0.006177059989426375
substack:the-man-who-electrified-music,0.3106080535865988,0.2265318407515304,0.2064979383109289,0.24906094227523487,0.0073012250757070905
substack:from-the-editor-fall-2019,0.11923397396061289,0.8141227644711149,0.03180329277546383,0.026056480354840303,0.008783488437967939
substack:mccartan-delighted-in-the-sensual-world,0.5344842867356341,0.07733940603884201,0.06483355328166841,0.3176169799090057,0.005725774034849769
substack:tos-con-video-intellectual-independence-your-basic-means-of-thriving,0.025815778437804762,0.670339429798235,0.2675030183008585,0.019290808740324027,0.01705096472277764
substack:seven-great-poems-on-the-glory-of-man,0.5667454711569849,0.0385069015288181,0.3545145167200086,0.03450844666669438,0.00572466392749399
substack:john-locke-the-father-of-liberalism,0.13521387715232558,0.3995762996367386,0.0877510328664247,0.32952188883360434,0.047936901510906675
substack:charles-sumners-principled-attack-on-slavery,0.7934949351016354,0.049681934932817896,0.07686019692016172,0.01369785412075349,0.06626507892463135
substack:john-fogertys-disciplined-focus,0.2514347244018135,0.3038757802600863,0.22011953454622749,0.21687079012941643,0.007699170662456129
substack:one-girl-one-dream-by-laura-dekker,0.3283936431878043,0.043432811408938427,0.6156553673996822,0.00957070303357507,0.0029474749700003707
substack:awesome-without-allah-helping-muslims-leave-islam,0.08213336949774223,0.04279386664951428,0.45180649385287047,0.026267727899739805,0.3969985421001333
substack:humor-and-being-human,0.08934978866309111,0.12197959654446755,0.2059586804412244,0.5754712056462059,0.007240728705011192
substack:alex-epsteins-whats-the-deal-with-the-green-new-deal,0.07946597377078225,0.44580314560318735,0.3884600195970034,0.03466139669330553,0.05160946433572161
substack:obscure-manuscript-further-reveals-john-lockes-intellectual-honesty,0.2740350774120669,0.4558096310871137,0.09096300863991026,0.04991367400627361,0.12927860885463538
substack:three-masters-of-watercolor,0.07984180824642614,0.11975971149992966,0.5855434175468175,0.20770295519855006,0.007152107508276777
substack:the-rediscovery-of-america-essays-by-harry-v-jaffa-on-the-new-birth-of-politics,0.3765424467193605,0.5416006564110238,0.022792713654728184,0.013615033843058854,0.04544914937182872
substack:the-great-british-baking-shows-wonderful-sense-of-life,0.18568635510354123,0.6687593698331186,0.09666102468050543,0.04258635213343951,0.0063068982493951
substack:celebrate-and-exercise-your-right,0.4869900097334728,0.05776907689684717,0.37143849869572165,0.07215384729885782,0.01164856737510042
substack:how-whole-life-insurance-can-protect,0.17267214225219044,0.48556949920530595,0.2649031610311618,0.035933357992445424,0.04092183951889624
substack:greta-thunberg-should-be-angry-and-so-should-you,0.6921230736372997,0.07185327293897306,0.13779338677681685,0.015958080062096827,0.08227218658481365
substack:bravery-that-broke-the-berlin-wall,0.6377658471547741,0.05160625408514384,0.1128078284778034,0.17706876062101568,0.02075130966126292
substack:the-plato-cult-and-other-philosophical-follies-by-david-stove,0.09247637409565804,0.3041556377125568,0.1660331622171832,0.4285462828649393,0.008788543109662877
substack:enter-the-twilight-zone-this-november,0.35351680661342666,0.40848233519504623,0.15500629553683126,0.07219595848946178,0.01079860416523392
substack:modern-meets-ancient-in-a-e-stallings,0.06481650072087103,0.24404383926704884,0.06883162876052785,0.617268746910825,0.005039284340727637
substack:robert-eggerss-newold-kind-of-horror,0.03269882789000458,0.10647143728251046,0.8045107625317491,0.04855597290953539,0.00776299938620038
substack:the-bright-side-of-horror,0.0540308989676348,0.50990720554806,0.36773022867199595,0.06031407958741157,0.00801758722489765
substack:the-prometheus-connection-americas-original-spirit-rise-demise-recovery-by-kevin-osborne,0.41325920221456625,0.29317385078705627,0.07254623794889715,0.15879093081133744,0.0622297782381429
substack:stevie-ray-vaughan-and-the-important-things-in-life,0.06087502985430749,0.16496786385976261,0.40953084106650756,0.3580486617745133,0.006577603444908731
substack:what-if-the-axis-powers-won-wwii,0.49175880955633045,0.33411103782921847,0.102626129623742,0.038586905879210695,0.03291711711149826
substack:the-ascent-of-jacob-bronowski-the-life-and-ideas-of-a-popular-science-icon-by-timothy-sandefur,0.22467332298713852,0.3288994370971377,0.3253750195234226,0.10530653306566368,0.015745687326637187
substack:doctor-sleep-by-mike-flanagan,0.01253659907674584,0.9608883400433978,0.012851403126397511,0.01182731847295832,0.001896339280500788
substack:from-the-editor-winter-2019,0.004252933622436207,0.9811289496224224,0.007540159919539619,0.0037137289467887406,0.003364227888813228
substack:bernie-sanders-and-aoc-release-plan-to-end-thanksgiving,0.5396518768122647,0.09574371416937802,0.31788806870609115,0.03248801773397055,0.014228322578295387
substack:selections-from-john-keats,0.1281951269203938,0.06158877886828941,0.7025623090861147,0.10023014919833698,0.007423635926865326
substack:peaceful-death-threats-by-bosch-fawstin,0.5748757590227711,0.3751248630500253,0.01221051896403916,0.008332365813776587,0.029456493149387995
substack:the-bravery-of-hong-kongs-freedom-fighters,0.9127846443477757,0.03822878006349424,0.013412784551242353,0.006885253551988457,0.02868853748549912
substack:the-life-and-poetry-of-john-keats,0.04837062504271466,0.7026326578079316,0.042020459524543786,0.20257786772115322,0.004398389903657228
substack:star-wars-jedi-fallen-order,0.06374140965759727,0.7996105482314627,0.03200880800549007,0.1005121379970987,0.004127096108351341
substack:range-how-generalists-triumph-in-a-specialized-world-by-david-epstein,0.22916246561957376,0.2481392341655647,0.40627789183252555,0.09282630091314427,0.023594107469191473
substack:the-benevolent-spirit-behind-spongebob-squarepants,0.06746158436006118,0.6387297375518479,0.18516230469259184,0.10129170714522787,0.007354666250271362
substack:dorothy-fontana-was-a-damn-good-writer,0.05392926066329035,0.8562558331290748,0.04630649153789052,0.03914989005027783,0.0043585246194663575
substack:promote-winter-wellness-with-hygge,0.2374189776799916,0.21189763287550006,0.4569982775342448,0.028335854796217197,0.06534925711404639
substack:bosch-fawstin-on-combating-the-evil-of-islam,0.028914741249638026,0.9441787318468763,0.006790811394939815,0.0034454782944958735,0.016670237214049644
substack:my-sixth-grade-socialist-indoctrination,0.435766830983857,0.1937736630358716,0.2948943635827007,0.04289754623553539,0.03266759616203547
substack:the-witcher-by-lauren-schmidt-hissrich,0.029804719266160084,0.8423174993109455,0.04151531020148066,0.08245181247502859,0.0039106587463852895
substack:the-purely-musical-madison-cunningham,0.12519907743548597,0.1702377791657903,0.530905677898723,0.16652207732111188,0.007135388178888557
substack:robert-smalls-from-slave-to-war-hero-entrepreneur-and-congressman,0.6828998044692622,0.064932987213125265,0.2047565748744201,0.030702309654767588,0.016708323788424923
substack:how-terry-goodkinds-sword-of-truth-saved-my-life,0.4526597214322151,0.06363197044623269,0.42445189051116866,0.05081731148847555,0.008439106121907828
substack:from-the-editor-spring-2020,0.04283562613708974,0.7238569013052882,0.2028954490025082,0.017731735341848125,0.012680288213265905
substack:social-media-and-the-future-of-civil-society,0.3604541274431024,0.18040267126966786,0.32995318390156647,0.016530979426786198,0.11265903795887698
substack:zora-neale-hurston-undefeated,0.5276420027741031,0.27263211665739673,0.1056295590867481,0.08640071584557499,0.007695605636176608
substack:justice-for-michael-jackson,0.0749218325445827,0.5406901512309175,0.23666029687465803,0.10725856331521652,0.040469156034625205
substack:miamis-art-deco-answer-to-the-great-depression,0.24763143520745437,0.16765060155351685,0.06744198639326524,0.5117884691997371,0.005487507646026245
substack:how-heroes-improve-our-lives-an-interview-with-andrew-bernstein,0.021334658962697144,0.9407438916578121,0.017672539226907938,0.009872302034623859,0.010376608117958855
substack:isabella-stewart-gardner-one-of-the-seven-wonders-of-boston,0.39899099124281556,0.15515271199566766,0.3927117227285944,0.046104297465981714,0.0070402765669409706
substack:true-grit-by-charles-portis,0.11981324499580123,0.5101762407695062,0.3196737335547055,0.04263896625638599,0.0076978144236013995
substack:americas-revolutionary-mind-a-moral-history-of-the-american-revolution-and-the-declaration-that-defined-it-by-c-bradley-thompson,0.8516128397854162,0.07645504167945649,0.036506307797725866,0.018576353624273907,0.01684945711312769
substack:silver-linings-in-state-responses-to-covid-19,0.6615956820527438,0.11225185492646965,0.05298146399654587,0.012286673237471643,0.16088432578676917
substack:statist-responses-to-covid-19-an-interview-with-michael-fumento,0.24543520645587724,0.6008177988665506,0.025480855619803528,0.09740574523860591,0.03086039381916262
substack:so-who-is-john-galt-anyway-by-robert-tracinski,0.01635144194415209,0.9001845338065253,0.03636515161072236,0.04393937979547165,0.003159492843128712
substack:the-case-against-socialism-by-rand-paul,0.7615897161582553,0.11990950300490143,0.04267538070800583,0.017086938534460777,0.05873846159437674
substack:economists-petition-politicians-to,0.6204832497091203,0.2595754745314191,0.04913447963880541,0.042306058168005985,0.02850073795264927
substack:twenty-soul-fueling-works-of-art-to-check-out-while-youre-stuck-at-home,0.09784630589120058,0.7637490369563289,0.09913820473080287,0.033542973472507294,0.005723478949160712
substack:stimulus-packages-cure-or-disease,0.43328035812308396,0.20631768429336583,0.28994283773249974,0.044956738543731826,0.025502381307318592
substack:how-teaching-benefits-teachers,0.04025645975454665,0.057897127376645756,0.7122009919357728,0.16433691343248377,0.02530850750055089
substack:lockdowns-versus-living,0.3442052139026852,0.10977640095777705,0.20290745499182639,0.015497987953031483,0.3276129421946799
substack:anne-with-an-e-by-moira-walley-beckett,0.03432630963120968,0.7485348082079348,0.16255377319118897,0.048543031772886484,0.006042077196780364
substack:heroes-of-the-pandemic,0.3666150920203437,0.14231946921734065,0.4140494228666199,0.028230285029214736,0.04878573086648113
substack:kudos-to-the-cordairs-for-standing,0.8796789990669776,0.06111641574757293,0.01947823914413003,0.007834292509916295,0.031892053531403376
substack:twenty-more-soul-fueling-works-of-art-to-get-you-through-the-lockdown,0.16764335566194588,0.5377022421271322,0.19266434710722402,0.09484840853025306,0.007141646573444951
substack:covid-19-and-the-future-of-educational-freedom,0.059780618763848166,0.8453213867105368,0.03174788543799146,0.0435107595459059,0.019639349541717813
substack:the-earth-becomes-my-throne-individualism-in-metallicas-black-album,0.05170671765359381,0.2550314258569963,0.3158853019706003,0.37122484041313697,0.006151714105672428
substack:thank-you-cordie-williams-for-standing,0.26663018662667404,0.6408354498538743,0.0208240786810155,0.010056720459242795,0.061653564379193414
substack:from-the-editor-summer-2020,0.11738653450177988,0.6889503452949652,0.04019703935240904,0.014328318476818175,0.1391377623740277
substack:lessons-from-wisconsins-stand-for-freedom,0.6423304743998489,0.040323647668837954,0.029756654771198064,0.010036457162725726,0.2775527659973894
substack:the-white-rose-a-story-of-unsurpassed-courage,0.2851509577975414,0.29138036929487676,0.04979134049099006,0.04808733370842013,0.32558999870817146
substack:how-to-savor-gratitude-and-disarm-gratitude-traps,0.1837012449584217,0.271871739217443,0.3416791448376739,0.08366667643955665,0.11908119454690475
wp:posts:9750,0.006603581049687808,0.19507930001712684,0.7730803660076737,0.015530325987070867,0.009706426938440739
wp:posts:10904,0.002745989971965109,0.3065523318119073,0.018139460919944676,0.003816372707837144,0.6687458445883457
wp:posts:30114,0.0020956241539745583,0.06563539202282845,0.9021895887356132,0.004038394554140604,0.026041000533443253
wp:posts:11438,0.0035850454104712584,0.9022429559007216,0.06728043579529935,0.020313220832753363,0.006578342060754083
substack:buffy-the-vampire-slayer-on-independence,0.11680635950410638,0.29176122305245894,0.5432834464785724,0.04156331993325236,0.006585651031609723
substack:ancient-wisdom-for-modern-life-five-lessons-from-miyamoto-musashis-way-of-the-warrior,0.3618031619708802,0.23096974738106632,0.28763361135394677,0.09329728662991764,0.026296192664189384
substack:why-we-created-objective-standard,0.025551367011327573,0.029021747239550928,0.00962800637420277,0.002271189767242281,0.9335276896076765
substack:contra-tim-bray-and-co-amazon-is-a-paragon-of-virtue,0.13463598347388922,0.17493570079879778,0.6409484345904017,0.011810173781113032,0.03766970735579845
wp:posts:11541,0.011098706467039384,0.5475028142329682,0.416014992258884,0.015289809135817883,0.010093677905290553
wp:posts:11799,0.01019399527072182,0.6867430199995972,0.16570095123485828,0.03765989488774089,0.09970213860708169
wp:posts:11874,0.06937679954879447,0.5262389747849097,0.3793194342406037,0.014016207287198745,0.011048584138493215
substack:why-we-should-celebrate-the-wealthy-going-to-space,0.35908383310898034,0.338754634941563,0.13698384672554667,0.10871989901026251,0.056457786213647575
substack:spacex-shows-the-way-forward-let-private-industry-take-the-lead-in-space,0.2970992352284663,0.276152156082652,0.13090013573089018,0.19081342770811793,0.10503504524987366
wp:posts:12043,0.009780122691947474,0.058537736099293546,0.8829767763594919,0.04333355299013464,0.0053718118591328246
wp:posts:12214,0.009812807397215266,0.6630996355539868,0.19330966503147132,0.12631075980089454,0.007467132216432524
wp:posts:12409,0.13087179725913092,0.563827977242645,0.26567743287802675,0.03165079197417274,0.007972000646024647
wp:posts:12736,0.010070131744931106,0.017368279595664515,0.9391882589169145,0.023216841943646923,0.010156487798842503
wp:posts:12832,0.02862415368958777,0.2500024110285041,0.4690728256181065,0.24421258138060037,0.008088028283201511
wp:posts:13047,0.001356210645759379,0.0033821937877141365,0.991376510411299,0.0024917155471372928,0.001393369608090229
substack:george-floyd-revolutions-and-the-path-to-justice,0.5430220698049015,0.208520722848089,0.13526929100804566,0.01935192776028891,0.09383598857867506
substack:shane-by-jack-schaefer,0.19063756104286878,0.0730341595195221,0.685822417383213,0.04061147682221384,0.009894385232182543
substack:be-like-water-the-inspiring-legend-of-bruce-lee,0.1557426200987666,0.3031950023029907,0.3889753781073025,0.14110023855281598,0.010986760938124491
wp:posts:13142,0.06587949496869451,0.12484698452379676,0.7302629849575236,0.015541633918496807,0.06346890163148822
wp:posts:13215,0.008056667285235524,0.4745211083866353,0.49498976440790526,0.014660890803935572,0.007771569116288107
wp:posts:13229,0.005293865371234668,0.009371472580020718,0.6454982723708097,0.0065209239640617945,0.333315465713873
wp:posts:13268,0.011906022898207696,0.08266041937146634,0.7976825725553519,0.10135374830943311,0.0063972368655404645
substack:the-diversity-delusion-how-race-and-gender-pandering-corrupt-the-university-and-undermine-our-culture-by-heather-mac-donald,0.43482236732747576,0.07004237447038605,0.02188667426508032,0.0078794857347403,0.46536909820231753
substack:britain-and-all-western-countries-should-support-hong-kongs-struggle-to-escape-chinese-oppression,0.9089592878954932,0.02601979231038251,0.014119571101225439,0.0052011704215785435,0.04570017827132054
wp:posts:13387,0.001014883945684883,0.011718121994861564,0.7542355381479126,0.028595966065545056,0.20443548984599613
substack:firefly-by-joss-whedon,0.05736047356617693,0.8240440281089271,0.03141557806224169,0.08327871527779356,0.003901204984860308
substack:kyle-steele-on-vandamme-academys,0.06362283080014002,0.8268453637913271,0.07154724884351489,0.01990096869003837,0.01808358787497967
wp:posts:13541,0.009345380059475179,0.21628997674812148,0.7300001938734698,0.012095334670963858,0.03226911464796947
substack:thank-you-big-tech-for-unfriending,0.8204125558982528,0.08130509593404041,0.015622388631016183,0.007261455445651886,0.07539850409103879
wp:posts:13627,0.03179313703801363,0.39667130458350935,0.521928049759163,0.04484508463756752,0.00476242398174681
wp:posts:13817,0.08684666583406885,0.4610131433242385,0.41082561172537724,0.025465367882024238,0.01584921123429149
substack:reimagining-capitalism-in-a-world-on-fire-by-rebecca-henderson,0.8117513864599867,0.06759665078042286,0.05125247197881714,0.04344828680678957,0.0259512039739837
wp:posts:13902,0.008606806071596515,0.19685560719090855,0.6660928974081419,0.12346522684337008,0.0049794624859828595
substack:raise-a-glass-of-trader-joses-in,0.28511895617572264,0.10728750891324153,0.5484719750098394,0.022269930734917124,0.03685162916627914
substack:heroes-legends-champions-why-heroism-matters-by-andrew-bernstein,0.023602877903116187,0.865601789514177,0.03308813304182297,0.0735931979613602,0.004114001579523671
substack:jeff-bezoss-beautiful-defense-of-american-entrepreneurialism,0.8191596768222419,0.07063287091833881,0.02976616612098199,0.01230346919271917,0.06813781694571819
substack:black-lies-matter-why-lies-matter-to-the-race-grievance-industry-by-taleeb-starkes,0.5124895712824912,0.31361989349817926,0.021238970460732486,0.013813264106803134,0.138838300651794
substack:animal-crossing-new-horizons-by-nintendo-epd,0.039828307965089425,0.6577346840750186,0.21706412936782768,0.07615204599758779,0.009220832594476022
substack:and-then-he-shot-his-cousin-by-jeremiah-cobra,0.33333445573556547,0.5363708756470781,0.07437561105101659,0.04925434590058287,0.006664711665756694
substack:to-black-lives-matter-no-lives-matter,0.3290351358838896,0.053676571094353524,0.019438020723411956,0.00804165425648938,0.5898086180418555
wp:posts:14022,0.00547004204968553,0.014660976866489888,0.9636619452062923,0.013145846631375373,0.003061189246156534
substack:from-the-editor-fall-2020,0.07368847598463772,0.8836254188871936,0.010282649027590591,0.017544091713700315,0.014859364386877882
substack:the-assault-on-corporations,0.46888782570239196,0.04915623920333436,0.06816886839115048,0.009957543650028553,0.4038295230530947
substack:john-singer-sargent-and-the-art-of-elegance,0.2550007775428592,0.28717652117490405,0.2853948266432777,0.163566576322115,0.008861298316843678
substack:isambard-kingdom-brunels-bridges-to-the-future,0.5519327394063765,0.1138766654085613,0.09766702997549248,0.21063786983184662,0.025885695377722763
wp:posts:14066,0.015544332723706176,0.42178046623006504,0.30461128345303706,0.25322961933347965,0.004834298259711818
substack:the-death-of-stalin-by-armando-iannucci,0.014454047299060493,0.9548381184206336,0.01432241981981595,0.014468928112723566,0.001916486347766496
substack:remembering-grant-imahara-mythbuster,0.2481769176829207,0.3392958176346432,0.2101797938136526,0.1814104155030529,0.02093705536573089
substack:we-cant-fight-racism-by-engaging-in-racism,0.11197456027338566,0.21340862550118628,0.6205813665387317,0.012697931903119903,0.04133751578357634
wp:posts:14160,0.020562736001452215,0.22199030833607777,0.5581712562592575,0.19339452695349987,0.005881172449712271
substack:cj-pearson-identifies-a-cause-of,0.12169023296427323,0.30736177270920134,0.027584536194080668,0.010023851302549411,0.5333396068298953
substack:tom-bradys-first-handed-approach,0.04379700524975249,0.3013191800550347,0.6096131272411324,0.023251157217163674,0.022019530236916548
substack:how-travel-can-foster-a-personal-renaissance,0.06899231468065586,0.09628231305637137,0.7223930733181015,0.08997728973192363,0.022355009212947582
wp:posts:14339,0.006777919911024689,0.10542558734845406,0.8742607895416851,0.009351425563287533,0.004184277635548326
wp:posts:14385,0.4671807550409968,0.1504141222021943,0.3280012384768506,0.017767111821973384,0.036636772457984836
substack:facets-of-ayn-rand-memoirs-by-mary-ann-sures-and-charles-sures,0.039020346600302215,0.8691829767540251,0.06262477744832817,0.025094892915663657,0.004077006281681064
wp:posts:14484,0.8392140570938129,0.07931076431894064,0.05832166805928607,0.018834910751710024,0.00431859977625031
substack:mulan-2020-sullies-the-legacy-of-a-heroine,0.022572442081942253,0.9053784744475823,0.04896469412810717,0.02007862748942822,0.0030057618529396157
substack:cynical-theories-how-activist-scholarship-made-everything-about-race-gender-and-identity-and-why-this-harms-everybody-by-helen-pluckrose-and-james-lindsay,0.7301360703796206,0.1417805029035573,0.04316937933807617,0.012396589387988198,0.07251745799075776
substack:the-assault-on-rideshare-companies-and-drivers,0.3709029096613544,0.13806176688462488,0.2007084105955428,0.01275464830850557,0.2775722645499724
substack:reinventing-flight-an-interview-with-blake-scholl,0.5495810702008456,0.1490682903971972,0.20133744996754302,0.07973358388440652,0.02027960555000777
substack:carl-barney-on-the-ayn-rand-institute,0.3654352207518181,0.5602636251203706,0.022739515015682395,0.014053705207171995,0.037507933904956756
substack:bullies-looters-mobs-the-anti-american-essence-of-blm,0.8229965300607655,0.06685285525843433,0.022345295730383366,0.00932846185543678,0.07847685709497988
substack:three-symphonies-to-help-you-triumph,0.02602720229902351,0.22590418348256103,0.6829742421385337,0.05921849182779007,0.005875880252091563
wp:posts:14719,0.0032493089194690974,0.020509131964083417,0.9661820664912317,0.005622402959374162,0.004437089665841301
substack:hcq-and-covid-19-what-does-the-evidence-show,0.5667511317518495,0.24555183364691802,0.043948270545953606,0.07787754412094865,0.0658712199343303
substack:blazing-saddles-directed-by-mel-brooks,0.014434223181907607,0.9536239738789711,0.015641758491641584,0.014257945072550047,0.002042099374929586
substack:thinking-critically-about-climate-change,0.41053279674139787,0.1253757393603461,0.0396258474764069,0.3660106765375344,0.05845493988431477
substack:life-in-no-lockdown-sweden,0.7934253805352323,0.16173309659802915,0.012728674466821134,0.006567476433938097,0.025545371965979287
wp:posts:14854,0.005109442828925081,0.12596666358888692,0.857782547895632,0.005983624954654717,0.0051577207319016835
substack:spotlight-by-tom-mccarthy-and-josh-singer,0.011015769637966901,0.9640663259844823,0.012264812195916653,0.010933621538439516,0.0017194706431949208
substack:the-property-species-mine-yours-and-the-human-mind-by-bart-j-wilson,0.009946106055495845,0.01287542944780458,0.3097329859659554,0.2386538824167606,0.42879159611398354
substack:from-the-editor-winter-2020,0.008732017025618205,0.7481547375671301,0.1644994784898484,0.022347845740773236,0.05626592117662987
substack:sweden-hasnt-failed-its-people-it-has-protected-their-rights,0.5628551811695902,0.2983206772952012,0.027840931325667142,0.019472335136148336,0.0915108750733929
substack:the-immorality-of-universal-basic-income,0.29397156820564585,0.04726410469936901,0.5128967394419334,0.020094627642268374,0.12577296001078328
wp:posts:15011,0.00175480024775886,0.005866363400481533,0.9858137923793697,0.004178124696951906,0.002386919275438237
substack:corporations-and-political-corruption-the-curse-of-cronyism-and-how-to-end-it,0.3916804173035145,0.0497264455335966,0.017468443879163662,0.007884446863766962,0.5332402464199584
substack:the-pattern-day-trader-rule-hinders-financial-independence,0.2009114607166615,0.03918669608432744,0.7089207737459363,0.021786894099650247,0.02919417535342437
substack:ex-muslims-on-the-front-lines-in-the-battle-for-civil-society,0.5177076075576506,0.056664795306245234,0.05245402329295693,0.11422654270933492,0.2589470311338124
substack:five-phenomenal-long-form-rock-songs,0.03231698390532568,0.33048601455408966,0.2501707579976865,0.38013595462746597,0.006890288915432509
wp:posts:15014,0.0032769339681546095,0.01963580728950631,0.9138289801459558,0.007531783225590462,0.05572649537079287
wp:posts:15150,0.06824466451950824,0.1292868675011694,0.4506942223026044,0.34722666733829777,0.0045475783384198885
substack:your-new-alternative-for-advancing,0.019355240019649906,0.9459322500790877,0.015189649196035418,0.009355234328695772,0.010167626376531248
substack:ordinary-people-1980-directed-by-robert-redford,0.024256726249335444,0.9357267303617093,0.020422980870326523,0.01713076598109123,0.002462796537537873
wp:posts:15242,0.0064103975579249805,0.25323666323147576,0.5304975309855274,0.2049257527388419,0.004929655486230174
wp:posts:15269,0.02425225306180793,0.36535308046803205,0.057631564457788,0.011927571131872957,0.5408355308804991
substack:was-breonna-taylor-a-victim-of-systemic-racism,0.9386312371877277,0.026681861036486256,0.010051161844194292,0.004947717165839653,0.01968802276575224
substack:chernobyl-by-craig-mazin,0.06614553862752458,0.862598020289174,0.03886692327938527,0.028202369101201524,0.0041871487027149235
substack:the-meritocracy-trap-by-daniel-markovits,0.8940371402170075,0.05793489934029736,0.01578495240783119,0.007608783250193509,0.024634224784670745
wp:posts:15350,0.0019578823090312574,0.006685151940261306,0.9779716309516914,0.009096152911264562,0.0042891818877511595
substack:nintendo-ends-mario-tocracy-with,0.25095898560306107,0.6252293857829718,0.05680514353595937,0.06128120956220122,0.005725275515806697
substack:capitalisms-greatest-hits-the-top,0.11263297802629679,0.48359044363223785,0.33164003438281126,0.04553291467503665,0.026603629283617432
substack:cdc-recommends-against-americans,0.4912741359549511,0.0836667513959725,0.3992462766355962,0.015501001833842853,0.010311834179637387
wp:posts:15424,0.19760387206732247,0.3878054096842921,0.26895737741242987,0.14148959917614026,0.004143741659815241
wp:conferences:36878,0.04234213162830659,0.6788316015215616,0.21876738487392794,0.03527027636186798,0.024788605614335543
wp:posts:15457,0.005856769913460908,0.07185716829368785,0.8854878016469776,0.033964174934697194,0.0028340852111762753
substack:how-tos-con-changed-my-life,0.03239263753346164,0.7448117361652021,0.19067213889497633,0.018096969161383626,0.014026518244976117
substack:the-revenant-by-michael-punke,0.05313222717995846,0.8367048016676562,0.04541965888649451,0.06081891754132711,0.003924394724563537
substack:five-amazing-things-that-happened-in-2020,0.054268843992895846,0.4195005903617236,0.4772338762328003,0.029912803781400616,0.019083885631179805
wp:posts:15482,0.006659575530189125,0.23769821564730095,0.7390853985099852,0.01329976946651925,0.003257040846005393
wp:posts:15527,0.05916018770120496,0.01219260814780487,0.8905165909465441,0.03293691020521409,0.005193702999232048
substack:freedom-an-unruly-history-by-annelien-de-dijn,0.8306015533876949,0.11869984127011893,0.013483997486899747,0.008036176523826072,0.029178431331460374
wp:posts:15689,0.007859504334385438,0.18792597130225042,0.5628462802478077,0.23683501348688824,0.004533230628667876
substack:hercules-directed-by-ron-clements-and-john-musker,0.015185847619378539,0.9525215901955042,0.015484496888937863,0.014767423785877724,0.0020406415103012944
wp:posts:15738,0.018086917957509364,0.03209632751371947,0.8881784537352115,0.00952998984864378,0.052108310944915893
wp:posts:15819,0.003784625260542574,0.14989144406867566,0.8175273475290555,0.026044824124488664,0.0027517590172378044
wp:posts:15863,0.004794906135014932,0.8531022551691061,0.1284627082955874,0.008419126846877163,0.0052210035534143995
substack:on-accusations-of-racism-in-the-classical-music-industry,0.3411440337200735,0.2486976132036696,0.08894851672354162,0.3145563854096189,0.006653450943095991
substack:wonder-woman-1984-written-and-directed-by-patty-jenkins,0.0221050183067011,0.9311174656707211,0.02621383169190272,0.017636936243503754,0.0029267480871716257
substack:per-worker-productivity-compared-fossil-fuels-versus-wind-and-solar,0.49164686078182285,0.04288028951056994,0.09364323282310942,0.35319297154818946,0.018636645336308263
substack:george-reisman-on-ludwig-von-mises-ayn-rand-and-capitalism,0.1082686269055536,0.8443560885763453,0.010132101810367722,0.00572930927896325,0.03151387342876997
substack:a-glorious-liberty-frederick-douglass-and-the-fight-for-an-antislavery-constitution-by-damon-root,0.9172127997180926,0.03860534684483331,0.012704503741695291,0.005698100488628175,0.025779249206750784
substack:the-iron-lady-written-by-abi-morgan,0.02312626392597481,0.8461385695495461,0.08141815177681361,0.04500879906107563,0.0043082156865895645
wp:posts:16191,0.005238806016926506,0.6887607887970256,0.2954337498342237,0.006845482170796315,0.003721173181028144
substack:from-the-editor-spring-2021,0.0071212517237273934,0.9823612398072119,0.005109133465473733,0.0028292716596529524,0.002579103343934062
wp:posts:16270,0.007634970806819959,0.9102254416732309,0.05812547424114891,0.011181373412177502,0.01283273986662298
wp:posts:16222,0.16940896627671378,0.07627986374077038,0.7326237459378441,0.016275147791090704,0.00541227625358083
wp:posts:16370,0.0030661254972577227,0.007616041226028102,0.9812274061651106,0.005747382949645896,0.002343044161957909
substack:walter-williams-intransigent-individualist,0.7156911675376307,0.19993264817334463,0.017246177972871382,0.009056491933769667,0.05807351438238378
substack:common-sense-for-objectivists-five-reasons-for-fans-of-ayn-rand-to-study-thomas-reid,0.1317558281310017,0.533749468313955,0.059973851085975215,0.03728428981510111,0.237236562653967
substack:phineas-and-ferb-by-dan-povenmire-and-jeff-swampy-marsh,0.025903257752516257,0.7946394464942875,0.14870183853103974,0.026551814132873885,0.0042036430892825
substack:sophocles-oedipus-the-king-a-new-verse-translation-by-david-kovacs,0.806676135557123,0.11239404639576378,0.034893439203191705,0.042081546245986146,0.003954832597934986
wp:posts:16647,0.015701251177779988,0.1455481954454219,0.804403147887018,0.03054669386927036,0.0038007116205101997
substack:secrets-of-the-magna-carta-written-by-martin-durkin,0.6930602294467506,0.19719981308034928,0.0478568513306346,0.0335679130879069,0.02831519305435878
substack:wandavision-created-by-jac-schaeffer,0.02186802778342831,0.8891688602007438,0.024764491961277075,0.06125581291873981,0.002942807135810997
wp:posts:16816,0.09927210795213733,0.015690979366600615,0.7876490172508533,0.09431945982297744,0.0030684356074313674
substack:letter-to-the-editor-where-are-the,0.2919025756619841,0.23486648877723468,0.37073304562307274,0.03164148050933078,0.07085640942837751
substack:celebrating-progress-and-combating-complacency-an-interview-with-virginia-postrel,0.3246128302150718,0.49489439747592756,0.06326296152439222,0.09670759257574378,0.020522218208864546
substack:end-the-injustice-of-civil-asset-forfeiture,0.28476014014710327,0.0470239785398697,0.573827155176445,0.01733596172074495,0.07705276441583704
wp:posts:16510,0.037882391697830295,0.027557386763262654,0.7881382057275423,0.14075933514199415,0.0056626806693705935
wp:posts:17128,0.0014762810468792503,0.005356021430919606,0.9887186420093506,0.0028393375270752913,0.0016097179857754796
wp:posts:17187,0.00422436682111702,0.16261914386083182,0.7971752087532186,0.031445239580192456,0.00453604098464024
wp:posts:17247,0.00251210785352071,0.04613735031132408,0.9418565422848799,0.0070723442021940145,0.002421655348081361
substack:we-the-living-vs-lockdowns,0.4657786000462003,0.15907573494871924,0.3159220031710533,0.016644106795464943,0.042579555038562276
wp:posts:17321,0.051105170547016084,0.18643127644934812,0.3838469206397153,0.3752456492210077,0.0033709831429131454
substack:the-free-world-art-and-thought-in-the-cold-war-by-louis-menand,0.04579225696107181,0.4026978622367834,0.0591522177535785,0.4875280529559938,0.00482961009257229
wp:posts:17373,0.009553503364375953,0.21262499138611143,0.6020070263547672,0.17177936307098002,0.004035115823765639
substack:gamestop-the-failed-crusade-against-wealth-producers,0.5944716400759018,0.11255308129606566,0.23888109985570408,0.03324839730220009,0.020845781470128437
substack:the-anti-progress-crusade-against-flight,0.8347941164741092,0.1124023933130171,0.018024689917408018,0.009353503046655765,0.025425297248810295
wp:posts:17383,0.19009534931676772,0.030424418732198453,0.7535303211477794,0.01993350465630147,0.006016406146952605
substack:creating-christ-how-roman-emperors-invented-christianity-by-james-valliant-and-warren-fahy,0.8491592511587813,0.06209669676817784,0.03603303711591816,0.025857532477104688,0.026853482480017912
substack:what-killed-by-michael-brown-by-shelby-steele,0.5360695044886815,0.4099067454951561,0.015224387055692354,0.008625979904834803,0.03017338305563518
wp:posts:17428,0.003696269939932832,0.0307096178439199,0.9161962597823293,0.04670938593126434,0.0026884665025538688
substack:representation-and-inclusion-standards-the-end-of-the-oscars,0.09477118870991116,0.4189403161631463,0.43808049547748307,0.04079922975382239,0.007408769895637357
substack:a-private-rail-renaissance-percolates-after-fifty-years-of-amtrak-failures,0.7924387133249883,0.10443045926268485,0.059590180019712356,0.02889637740675636,0.014644269985858431
substack:wall-street-1987-by-stanley-weiser-and-oliver-stone,0.10984777101566714,0.8394181767023371,0.02285702716691151,0.02471478718815547,0.0031622379269288796
substack:the-book-that-helped-me-find-purpose-in-life,0.04240456314510018,0.07099972625081817,0.8053330799526162,0.06149683703102948,0.01976579362043586
wp:posts:17484,0.009234341642448114,0.17220123692809958,0.7301846709455521,0.08451305662821328,0.0038666938556869853
wp:posts:17494,0.00567059065889222,0.6308401167936518,0.34271651051192575,0.015355361953001178,0.005417420082528512
substack:the-god-delusion-by-richard-dawkins,0.11741426114255968,0.24107416623607314,0.2744913625056914,0.05970752381364353,0.3073126863020322
substack:from-the-editor-summer-2021,0.005338554942313699,0.9812874794101211,0.006921331163991384,0.003450191976850677,0.0030024425067236246
substack:ibsens-kingdom-the-man-and-his-works-by-evert-sprinchorn,0.42059048870277155,0.4645719257125922,0.061205397297107986,0.04765432612760051,0.005977862159928107
wp:posts:17610,0.001804001031122583,0.007344473112088818,0.9836584981157147,0.004387474143831335,0.002805553597242513
wp:posts:17617,0.010392146940102182,0.16249780988010487,0.764921423175984,0.014059834257823296,0.048128785745985635
wp:posts:17641,0.0022155526389572642,0.9801090753786873,0.012284195164526028,0.003042795982127726,0.0023483808357017528
substack:a-woke-new-world,0.7514306617616779,0.10924073756195037,0.08286464963561904,0.011115069090270883,0.04534888195048171
substack:michael-crichton-jurassic-renaissance-man,0.08830008451756097,0.2581317347818487,0.6054006596138011,0.041710895716001103,0.006456625370788582
substack:desantiss-big-tech-bill-is-actually-a-step-closer-to-the-world-orwell-feared,0.44498501134688756,0.42814506567497873,0.03253631094153779,0.010225372009353953,0.08410824002724177
substack:reach-the-heights-you-dream-of,0.07060947306308314,0.06825854829733066,0.6758020236962804,0.0526065436822188,0.13272341126108697
wp:posts:17719,0.007755672208351798,0.7899106413395777,0.18244576406544627,0.012401969788689063,0.007485952597935293
substack:the-words-that-made-us-americas-constitutional-conversation-1760-1840-by-akhil-reed-amar,0.510537038855918,0.3867955121226311,0.03307340881375599,0.025036273971617694,0.044557766236077205
substack:from-sawdust-to-stardust-jackie-cochrans-soaring-achievements,0.6017501049919608,0.07251020721507402,0.11070091959927873,0.19667920407274284,0.01835956412094372
substack:biden-the-capitalist-who-isnt,0.5083086201236557,0.30730059410499583,0.1245023730572018,0.01459208553928943,0.04529632717485727
wp:posts:17863,0.005420115589659427,0.04709988000995825,0.9312861022957554,0.011872695629168194,0.004321206475458932
substack:barbara-corcorans-excellent-advice,0.6929175747012498,0.17081085818190564,0.08842370599434764,0.030208114417781512,0.017639746704715194
substack:tangled-directed-by-nathan-greno-and-byron-howard,0.026455629430403013,0.9045742675212366,0.03990867768226182,0.0258521325581538,0.0032092928079451434
wp:posts:17897,0.060625953352794894,0.11339077540573056,0.8128339205369812,0.008637634192681608,0.00451171651181163
substack:boom-supersonic-flight-is-back-in,0.48970099899802433,0.3999077422146734,0.04981472725822867,0.044873473073380486,0.015703058455693242
wp:posts:17962,0.0014950507269100284,0.004281500506703274,0.9814827576473281,0.010606874115410772,0.0021338170036475515
substack:banning-evictions-means-violating-property-rights,0.8241684284102849,0.1310987925885328,0.013535432557137217,0.006596535989322505,0.024600810454722566
substack:on-juneteenth-lets-celebrate-the-atlases-of-abolition,0.878875934566482,0.07945243721179933,0.01019765538179332,0.005764431208273983,0.02570954163165141
substack:thank-you-dan-wootton-and-gb-news-for-challenging-the-lockdowns,0.49795984805097354,0.20190434972855278,0.1404211419552473,0.08149515748840765,0.07821950277681892
wp:posts:18033,0.029013584500633374,0.19728838702247695,0.7343086916618036,0.03414305220793088,0.005246284607155672
substack:adam-grant-on-clear-thinking-persuasive-writing-and-rational-self-interest,0.033305719303756504,0.6036645555487983,0.3152613747117957,0.022597354595613312,0.025170995840036233
substack:justice-thomas-points-out-the-feds,0.6313820591969658,0.3142289234573258,0.014417796530219957,0.00791158560515282,0.03205963521033555
wp:posts:18241,0.004239620774673152,0.21878012480829936,0.7553717807328966,0.018592271520617685,0.003016202163513088
substack:operation-pedestal-the-fleet-that-battled-to-malta-1942-by-max-hastings,0.9024679988005169,0.0339275002530232,0.034518188163664594,0.017125273642305344,0.01196103914048979
wp:posts:18283,0.0019669505354887717,0.9819603553863638,0.010257574075397614,0.0034285523205845408,0.0023865676821655138
wp:posts:18286,0.0019777482144176343,0.747868272329193,0.24198771207881659,0.005133419775000817,0.003032847602572128
wp:posts:18295,0.0030478884230554512,0.016554051290989552,0.9690722739605714,0.009354175921701026,0.001971610403682432
wp:posts:18305,0.021667487441565374,0.6901437218632049,0.24681451259265982,0.033408607491153576,0.007965670611416481
wp:posts:18311,0.00703094231445413,0.7522674506473453,0.21582331679242037,0.01615773558832036,0.008720554657459476
substack:two-complete-novels-of-the-american-west-hot-iron-and-the-time-it-never-rained-by-elmer-kelton,0.24909605264917958,0.3827756892604281,0.32777524657551005,0.03230226144714519,0.008050750067737079
substack:what-a-global-minimum-tax-means-economically-and-morally,0.901728383653489,0.05545279152051853,0.020597544669476914,0.01272993788535347,0.009491342271162466
wp:posts:18315,0.0025143800834732557,0.01760763960603379,0.9355366982739722,0.041592013658360044,0.0027492683781609865
substack:loki-created-by-michael-waldron,0.028433364187110087,0.8374355482722228,0.09892161045445275,0.028598788574943936,0.006610688511270567
substack:classical-music-makes-sci-fi-soar,0.05968849332524681,0.18489487732048487,0.3620836753433175,0.3858081617996508,0.007524792211300321
wp:posts:18356,0.004602950700438639,0.6990532157280722,0.23012356386034036,0.062207805176849755,0.004012464534299157
substack:how-a-mcdonalds-gig-helped-propel,0.14510748503320844,0.5006194072796263,0.28125440873748603,0.052365263321753466,0.020653435627925588
substack:heres-to-belaruss-freedom-fighters,0.7442689441613255,0.049611787138420724,0.07753799141335192,0.07317603868034063,0.055405238606561276
substack:o-henry-101-stories-edited-by-ben-yagoda,0.6412643340405061,0.27858494187314253,0.033603872687603654,0.04218722726622826,0.004359624132519145
substack:state-of-fear-by-michael-crichton,0.14503816973199105,0.14913798314269483,0.6266371356586644,0.07072675358490044,0.008459957881749419
wp:posts:18431,0.0036761569633735392,0.40198301186355173,0.5819752017467745,0.008702945956828023,0.0036626834694722336
substack:innovators-in-sculpture-and-innovators-in-painting-by-dianne-durante,0.04270280878275149,0.8073509631068242,0.10679773614441988,0.03777938452229469,0.005369107443709773
substack:where-have-all-the-capitalists-gone-essays-in-moral-political-economy-by-richard-m-salsman,0.28062282958607015,0.362601962975796,0.07483190766993114,0.06679598256770262,0.21514731720050026
substack:the-evil-of-judaism-and-the-goodness-of-jews,0.7005416561753466,0.04250240057124921,0.07994641609566265,0.030875334886030323,0.1461341922717112
substack:ayn-rands-american-morality,0.04899212819629353,0.01090979849345833,0.054197458911615766,0.0019510512825038101,0.8839495631161286
substack:from-the-editor-fall-2021,0.15703371537744812,0.384514287585245,0.2665798188471027,0.016702965852385152,0.17516921233781893
substack:how-to-think-more-clearly-and-improve-your-life,0.06613016031764501,0.05079089261941942,0.8359632483107029,0.023895099382307345,0.02322059936992522
wp:posts:18585,0.004403834981688953,0.9131583916188468,0.06173618372335439,0.00703148523063474,0.013670104445474628
substack:free-guy-written-by-matt-lieberman-and-zak-penn,0.01799979834568896,0.9445814381061165,0.016370712977928047,0.018926761308522163,0.0021212892617447484
wp:posts:18600,0.08813270086985729,0.3906462403987682,0.4879326877626398,0.029593124575770936,0.003695246392963723
substack:touching-the-art-a-guide-to-enjoying-art-at-a-museum-by-luc-travers,0.04210807238135525,0.46038527830571896,0.3065524853728632,0.18487998733716246,0.006074176602900388
substack:why-universities-should-teach-ayn-rand-alongside-karl-marx,0.1546497956811402,0.6280300477785823,0.17687712697638308,0.02259290776857226,0.01785012179532242
wp:posts:18648,0.008385768589432852,0.0349773080057203,0.9016157626312202,0.04574953602544618,0.009271624748180735
substack:the-spirit-of-flight-93,0.7778160061138039,0.06713397358517632,0.0944075097500808,0.025936191004893753,0.03470631954604529
substack:celebrating-the-lives-and-values-of-9-11-casualties,0.649081837369816,0.10525743182494567,0.04527665288920977,0.022753466997535457,0.1776306109184931
substack:rational-self-interest-vs-religion,0.03770521243415703,0.658527380431045,0.036056283577648236,0.013581774452713363,0.25412934910443646
substack:a-profile-of-hong-kong-by-bruce-herschensohn,0.9217685614516475,0.045434395442151755,0.010103907272068433,0.005316028989700572,0.01737710684443145
wp:posts:18706,0.005155892851329863,0.9710805632068152,0.014937076572805796,0.004239625009177981,0.004586842359871161
wp:posts:18714,0.009654748569515256,0.6712612141687311,0.05901800736261973,0.010883886187426304,0.24918214371170758
wp:posts:18755,0.05472710591800875,0.10798742220572466,0.3246751759500388,0.05726739577779145,0.45534290014843637
wp:posts:18775,0.11016484979472672,0.018348977786200846,0.8009641941300436,0.06484295618477942,0.005679022104249197
substack:art-fear-observations-on-the-perils-and-rewards-of-artmaking-by-david-bayles-and-ted-orland,0.09394190695228337,0.09575647420786834,0.7526240530173774,0.05064882897322678,0.00702873684924395
substack:ray-harryhausen-giving-new-life-to-old-legends,0.4133343858103105,0.46395099308864884,0.0704280133801993,0.046363181105650075,0.0059234266151909016
wp:posts:18803,0.0023657865599164816,0.025260030680651035,0.9650058459534663,0.004516528938237544,0.0028518078677286624
wp:posts:18807,0.007243933525630986,0.9488228520762858,0.025837136047259183,0.013517804234885966,0.004578274115937664
substack:why-i-left-americas-failing-universities-an-interview-with-carrie-ann-biondi,0.18842518192889868,0.161640449587314,0.5787986428211451,0.04888718979068422,0.022248535871957808
substack:peter-boghossian-shrugs,0.10220464163041813,0.2282336996331468,0.45468004671206935,0.03072888569225724,0.18415272633210833
wp:posts:18844,0.007727237676450364,0.7269464327517378,0.23039755400584322,0.028614738757882906,0.006314036808085986
substack:why-californias-move-to-ban-gas-powered,0.11086203942424687,0.6997122703148776,0.05738506373796011,0.010518624214357711,0.1215220023085575
substack:happy-nonindigenous-peoples-day,0.6360897702314021,0.08133048039732815,0.17408386361693948,0.01761785763535398,0.09087802811897613
substack:seven-reasons-why-the-aviation-industry-is-a-wonderful-thing,0.5957523627471958,0.05226671444376236,0.04908785190249631,0.19132965375768465,0.11156341714886073
wp:posts:18940,0.0033908037120296284,0.9273312333453413,0.05336003510257141,0.010417512036235626,0.005500415803822183
wp:posts:18947,0.2799169286933162,0.1548765573056458,0.2929962355946679,0.2663185844493456,0.005891693957024363
substack:the-financial-programs-of-alexander-hamilton-by-a-farmers-daughter-by-dianne-l-durante,0.06307263672901642,0.4234777341136289,0.4535684286852544,0.028751517316109053,0.031129683155991093
wp:posts:19162,0.0027561719432441494,0.9748453448737446,0.015738450521127587,0.003997947986339811,0.002662084675543906
wp:posts:19190,0.002513575391967767,0.9563167623844075,0.03311572865255376,0.004898274693385379,0.0031556588776853987
substack:public-school-pandemonium-teaches-a-valuable-lesson,0.6124078241240448,0.2750663818714061,0.07355731154644916,0.0201996946938057,0.01876878776429412
substack:robot-artists-muddy-the-meaning-of-art,0.054004772991505516,0.4636173803610064,0.0975781874084458,0.37736080700670727,0.007438852232335353
wp:posts:19299,0.0035981218200901153,0.009959004609011534,0.02243964564296173,0.005036326101968786,0.9589669018259678
substack:shame-on-mit-for-bowing-to-a-twitter-mob,0.3711896275696243,0.3034454111971897,0.08794103973177902,0.10748106787173095,0.12994285362967614
wp:posts:19387,0.0139290522714138,0.005481360995260152,0.9747376490848898,0.003489059527165031,0.0023628781212714765
substack:from-the-editor-winter-2021,0.016200860671230267,0.9539826366178198,0.012849755594213063,0.0045574322833004275,0.01240931483343631
substack:reason-vs-mysticism-truth-and-consequences,0.009772140311787553,0.0020300487072963374,0.08308350512489059,0.16634974805012406,0.7387645578059013
substack:which-ayn-rand-novel-to-read-first,0.03652217502381504,0.5953215430286624,0.3210031398861768,0.040820741830518696,0.006332400230826835
substack:law-of-the-land-by-elmer-kelton,0.5452198414913807,0.37622185303571426,0.041723230872987994,0.03257957986376431,0.004255494736152252
substack:leroy-andersons-joyful-american-music,0.15156897084869553,0.3392029605769286,0.3729926059525585,0.1287602487485023,0.007475213873315495
substack:lucifer-written-by-tom-kapinos-and-joe-henderson,0.034770546647486675,0.9247157190461301,0.019014801322766905,0.019018438604791823,0.0024804943788246095
substack:environmentalists-show-their-disregard-for-human-life,0.14869878265108752,0.7276803135533044,0.017052922157836197,0.010676745172616986,0.09589123646515478
wp:posts:19435,0.1701499488188762,0.8025711565208985,0.016536282756068697,0.006475661827520475,0.004266950076635925
substack:the-tulip-wont-bloom-in-london-thanks-to-rights-violating-politicians,0.8315968716301849,0.11226848938423865,0.01635737608554249,0.01107151095576803,0.0287057519442659
wp:posts:19463,0.011533134068769728,0.010674482725116872,0.9472679876619146,0.025422407617816202,0.005101987926383045
substack:sprinklegate-and-europes-permission-society,0.47369809456235046,0.1780611640107143,0.2426180443528695,0.024700680531033314,0.0809220165430324
wp:posts:19482,0.0665685745034607,0.056633850507587,0.864296947006195,0.008816294010620266,0.0036843339721374033
wp:posts:19526,0.009158851054317792,0.9341346735524063,0.02381477672993499,0.027153407125976064,0.005738291537365255
substack:louis-sullivans-idea-by-tim-samuelson-and-chris-ware,0.5215845802963532,0.29003424090504315,0.051471249425255626,0.13093520679749335,0.005974722575854198
substack:henry-kitchell-websters-life-loving-pro-business-fiction,0.07395115934183297,0.259731916737797,0.5756958314059551,0.08330256395029494,0.007318528564119446
substack:cal-newport-on-mission-mastery-and-flourishing-at-work,0.023193780166517047,0.901866199107286,0.04802760601295442,0.013429613276186239,0.013482801437056508
wp:posts:19581,0.002428456543559723,0.9741691284586255,0.01637039038274393,0.0040081566211153975,0.0030238679939552865
wp:posts:19633,0.008275906621944275,0.12926805484456247,0.8516825945162834,0.006127214104985908,0.004646229912223683
wp:posts:19696,0.005889207812605885,0.04197978222520401,0.9437864082186985,0.005513487054758781,0.002831114688733122
wp:posts:19712,0.10988456340251046,0.766725318708847,0.02661943188481965,0.006564372256661569,0.09020631374716138
substack:djokovic-serves-australia-a-valuable-opportunity,0.8802688921096673,0.06939174544668365,0.01596567926090846,0.007783921045862254,0.026589762136878307
wp:posts:19853,0.0024290032235964507,0.9744045372411071,0.01633171433963803,0.003907881127655473,0.0029268640680027063
wp:posts:19901,0.004475710035504355,0.36125109857464,0.6164760103083575,0.01100273390353295,0.006794447177965599
wp:posts:19913,0.0040664456842008905,0.7339050882441595,0.23422924522813143,0.007885086425744014,0.01991413441776434
substack:esquires-dishonest-smear-of-aaron-rodgers-and-ayn-rand,0.05301168207799252,0.8913047304230344,0.014313962430830383,0.005910378287188019,0.035459246780954655
substack:star-trek-marx-maezawa-and-the-moneyless-dream-utopian-or-dystopian,0.15328234308989408,0.4114239667138196,0.10053965423561378,0.23414984285013996,0.10060419311053242
wp:posts:20010,0.006993183110989252,0.47499802318153433,0.4719321561978732,0.042226534017737315,0.0038501034918658468
substack:the-fundamental-difference-between-ukraine-and-russia,0.820200949318021,0.04430619017736667,0.03000773818450256,0.007202657614164477,0.09828246470594552
wp:posts:20020,0.15307971861918382,0.016729693159500063,0.8199036938735766,0.006990921139131292,0.003295973208608209
wp:posts:20130,0.0079577923183242,0.6651292942325167,0.21152471454053964,0.010776906807905978,0.10461129210071346
substack:clothing-and-personal-identity,0.04020583608007151,0.03414686091300572,0.6814342438840827,0.2292038650474632,0.015009194075376698
wp:posts:20268,0.03158002493733447,0.8049372125022396,0.0699330366558244,0.010929691151297351,0.08262003475330429
wp:posts:20283,0.0011081032789165095,0.9924628429668886,0.004065980373709282,0.0013953401918725152,9.677331886130994e-4
substack:the-book-of-boba-fett-created-by-jon-favreau,0.07263263297292431,0.7368850685126537,0.13918266026335957,0.04533491864579521,0.0059647196052670885
substack:why-jeff-bezos-is-not-a-tech-mogul-or-king-of-e-commerce,0.0955396727580335,0.44868483800419956,0.3764216734616634,0.039493970852645326,0.0398598449234582
substack:why-the-french-revolution-inspired-attitudes-toward-the-ultra-wealthy-are-nonsensical,0.2654972578315154,0.4729497039274228,0.20701940699288193,0.0339727940915152,0.02056083715666479
substack:eight-poems-for-the-love-of-nature,0.07132557336020522,0.25592557194871884,0.09187537782145759,0.5753109554311023,0.005562521438516344
substack:heroes-and-villains-in-western-philosophy,0.07168085312443022,0.13067215285902178,0.16951977692178266,0.5204749396288023,0.10765227746596302
substack:sidney-j-gunst-jr-burned-bright-and,0.033912332417938104,0.7171602569686257,0.21017052719184923,0.02070359802034774,0.018053285401238902
substack:debunking-white-privilege,0.2970662898434904,0.47620389327976254,0.041361245163407265,0.14374984560706905,0.041618726106270855
substack:bryan-caplan-on-freedom-and-innovation,0.023435609991653644,0.943033737279716,0.014447602930988165,0.009591318553221137,0.009491731244420966
wp:posts:20329,0.02294524917289051,0.703743478053224,0.2308379713641996,0.037265299228942644,0.005208002180743537
wp:posts:20304,0.006037992421196249,0.12129238260130226,0.850396860730743,0.017664240687887123,0.004608523558871728
wp:posts:20529,0.015636530906600426,0.10311588512822026,0.8656539727119318,0.012080309607475043,0.0035133016457724753
substack:3-idiots-written-and-directed-by-rajkumar-hirani,0.08999553694795517,0.8503202858088542,0.027156648012659587,0.029051182356274158,0.0034763468742563613
substack:putin-planes-and-dealing-with-dictators,0.9546899605673497,0.020738148366487314,0.007611280536248932,0.00355195436820958,0.01340865616170487
wp:posts:20667,0.006843937462251398,0.8018791717082931,0.05595266401616229,0.009432048788619448,0.1258921780246738
wp:posts:20628,0.022356589968980125,0.8342414747241476,0.10254227726396584,0.027171301822466427,0.013688356220439844
wp:posts:20662,0.0017049891823093673,0.0063497586971384135,0.9871172248163478,0.002937604974282829,0.001890422329921599
substack:the-sinner-and-the-saint-dostoevsky-and-the-gentleman-murderer-who-inspired-a-masterpiece-by-kevin-birmingham,0.1611504769128312,0.1513194279226214,0.6209405581091432,0.05791898839250823,0.008670548662896392
substack:washington-post-journalist-tries-to-smear-alex-epstein,0.2126266655804512,0.06594563245481028,0.6731146092813791,0.012433605553464257,0.0358794871298951
substack:the-collectivist-roots-of-russian-atrocities,0.929152730941171,0.03815427537628732,0.010020398155116832,0.004673724024331424,0.0179988715030939
substack:how-going-to-space-can-enhance-human-flourishing-with-dr-robert-zubrin,0.02851545245913508,0.9224437873976779,0.022689517311460013,0.012487237205886787,0.013864005625840189
wp:posts:21440,0.0022972472476599213,0.9825678616369858,0.009479572664790154,0.00374565250464514,0.0019096659459191033
substack:russia-shows-why-britain-was-right-to-send-weapons-to-ukraine,0.45923034834520265,0.3745014925388921,0.02570838730745203,0.013520348567911249,0.12703942324054188
wp:posts:21467,0.005822959171229843,0.10739495127952378,0.8570721842825587,0.026704704724096796,0.0030052005425913048
substack:john-williamss-love-affair-with-orchestra-continues,0.038635522283138074,0.4798389778127853,0.44388452844647136,0.03173358513332564,0.005907386324279554
wp:posts:21480,0.014175731009438048,0.32863939534717856,0.6285769962904693,0.01849164469640186,0.01011623265651238
substack:abortion-and-the-questions-we-must-answer,0.0024213036903796884,0.0033936854869969133,0.001914361547939987,3.42404726673886e-4,0.9919282445480095
substack:ayn-rands-we-the-living-back-on-the-silver-screen-and-better-than-ever,0.15627437716701245,0.7512233700353923,0.04323255123706692,0.04419559876986722,0.005074102790660684
wp:posts:21526,0.6720459711681961,0.14049012347465106,0.14572947995157556,0.017239438209580276,0.024494987195996742
substack:seven-poems-on-the-power-of-music,0.04387084662624076,0.28488627089777485,0.39710070369424144,0.26755376775546214,0.006588411026280491
substack:dominique-francon-ayn-rands-profoundly-misunderstood-heroine,0.04786268832901315,0.6086260180615248,0.28983029576214964,0.046178990566420094,0.007502007280892563
substack:advancing-ayn-rands-ideas-in-europe-and-beyond,0.006301410912194304,0.9027769388725683,0.008481124621135904,0.024717823170072557,0.05772270242402906
substack:from-the-editor-summer-2022,0.00564413455801972,0.9850664888084979,0.004358877595764277,0.002495697456618185,0.0024348015811001774
substack:ayn-rand-vs-classical-economists,0.4035508609451068,0.39570877895833484,0.057894269942229994,0.06241506699036156,0.08043102316396662
substack:stories-in-paint-by-luc-travers-and-windows-on-humanity-a-history-of-how-art-reflects-our-ideas-about-our-lives-and-world-by-sandra-shaw,0.0415835433895067,0.8730910623788253,0.04772135082273065,0.03379315075240999,0.0038108926565276397
wp:posts:27562,0.0037553853972353943,0.10050257737412957,0.8842636700117303,0.008573300585111493,0.0029050666317933824
substack:straight-line-crazy-by-david-hare,0.558379935989609,0.3307545499264548,0.03705726390022299,0.06898720617912625,0.004821044004587336
substack:classified-the-untold-story-of-racial-classification-in-america-by-david-e-bernstein,0.8862480551335994,0.07088480435476033,0.013746867184044059,0.006586561204947899,0.022533712122648018
wp:posts:21935,0.16527734735240665,0.18953690640434262,0.6045301173455588,0.0264079139484553,0.014247714949236991
substack:brazen-from-long-sleeves-to-lingerie-by-julia-haart,0.17944031898060434,0.07972510780337956,0.6271575536215329,0.10681496795035396,0.006862051644129014
substack:wokeism-and-how-to-counter-it,0.24136220904023523,0.646783826075964,0.06075512043770384,0.012873976464102516,0.03822486798199442
substack:from-the-editor-fall-2022,0.022736460758947367,0.871332487811511,0.03708877524588061,0.06538018190237056,0.0034620942812908883
substack:music-mind-and-morality,0.024925174523151055,0.6958769371466537,0.2176665469906079,0.056455505809437534,0.005075835530149699
substack:how-isabel-paterson-helped-ayn-rand-find-atlantis,0.016102157361744578,0.9547958129588867,0.013554469251215088,0.008240908033789799,0.007306652394363969
substack:notes-on-the-state-of-virginia-an-annotated-edition-by-robert-pierce-forbes,0.502020527861314,0.4026650920546581,0.04647304622176464,0.0260834758831105,0.02275785797915263
substack:johan-norberg-on-openness-innovation-and-flourishing,0.031133845130221115,0.9352778214731733,0.01494160876825871,0.009705021958972205,0.008941702669374885
substack:realizing-romanticism,0.03475520936675166,0.7590629801953819,0.16986151440141495,0.0316254559357957,0.00469484010065541
substack:fossil-future-why-global-human-flourishing-requires-more-oil-coal-and-natural-gas-not-less-by-alex-epstein,0.14835177511554,0.4055190444309945,0.05745687124036484,0.36355962530789954,0.025112683905201293
substack:why-i-changed-my-mind-on-abortion,0.07809738479243783,0.061415922553693346,0.13879781035787347,0.009684457508431953,0.7120044247875634
wp:posts:23150,0.0026299741665015957,0.11324396723907433,0.8007024734703183,0.006537524228203863,0.07688606089590173
substack:the-fifth-act-americas-end-in-afghanistan-by-elliot-ackerman,0.8904522527432985,0.04748337690656023,0.017592253864274782,0.007158759887729253,0.037313356598137164
wp:posts:23427,0.0067637534386297046,0.8925859289611716,0.04716363688643871,0.046633643833690834,0.0068530368800688935
substack:what-went-right-an-objectivist-theory-of-history-by-robert-tracinski,0.08967574502248747,0.28015474699627685,0.4339145307764247,0.08568442772914689,0.11057054947566415
wp:posts:23404,0.016109320665699107,0.06866037028424446,0.903919008766044,0.00800794695136003,0.0033033533326527697
substack:does-gorbachev-deserve-all-the-praise,0.8500982003282207,0.09545001942723022,0.015547270296623917,0.0084682243730426,0.03043628557488272
substack:mike-rowe-and-ayn-rand-on-the-virtues-of-thinking-and-producing,0.07289470297542809,0.573352701874621,0.2594954651583694,0.05619703281882506,0.03806009717275626
substack:elihu-palmers-journey-from-religion-to-reason,0.4102219095369136,0.1001794143385146,0.07728252232792879,0.36109526979157375,0.051220884005069335
substack:does-abortion-violate-rights,0.132090764317338,0.2395440184400331,0.048632555422807956,0.0671862024481581,0.512546459371663
substack:iranian-freedom-fighters-and-the-winds-of-reason,0.7685998354750105,0.04296394975719504,0.017851426130841397,0.0064931580532430295,0.16409163058371012
wp:posts:23932,0.2509291721056309,0.13721500953997498,0.36050688611348486,0.24846143254371938,0.0028874996971900366
substack:russian-tyranny-and-conscription-courtesy-of-altruism,0.9029248802731238,0.044971328958201606,0.013614308190839041,0.0055415953220022,0.032947887255833336
substack:declassified-a-low-key-guide-to-the-high-strung-world-of-classical-music-by-arianna-warsaw-fan-rauch,0.5828073124527473,0.22886354851144122,0.13149458121870075,0.050527477084981204,0.006307080732129319
substack:the-life-and-fate-of-vasily-grossman-banned-russian-novelist,0.5797230237565003,0.3065475987431939,0.07551171169907714,0.03252364242984302,0.005694023371385506
substack:hocus-pocus-2-directed-by-anne-fletcher,0.032704908729209385,0.9102624267495827,0.03422881844750321,0.019231603733568598,0.0035722423401357384
substack:smearing-israel-from-the-ivory-tower,0.47774196453714163,0.0380503840978135,0.016622253633622318,0.006254267083473517,0.4613311306479489
substack:life-lessons-from-literary-tragedies,0.022691391431829803,0.8407053792647253,0.1087609658584451,0.02390957393429228,0.0039326895107072175
substack:soul-celebrations-and-spiritual-snacks-by-alexandra-york,0.1091358750896462,0.21581846484817233,0.5615501031149379,0.03780529781659673,0.07569025913064703
substack:in-memory-of-joseph-henry-kroeger-1937-2022,0.06992505245980003,0.6924205405195073,0.19467058711039847,0.02439514973966501,0.018588670170629013
substack:from-the-editor-winter-2022,0.12614556266774946,0.6195520721788783,0.16408108156089496,0.0349029040250704,0.05531837956740712
substack:the-orville-new-horizons-created-by-seth-mcfarlane,0.020894988332434493,0.9327009467788111,0.02390208705576575,0.020022402647116435,0.002479575185872412
wp:posts:24515,9.626996854693075e-4,0.9703307562155159,0.023885779220867827,0.001435764250096983,0.003385000628050099
substack:protesters-to-chinas-tyrants-communist-party-step-down,0.9179691918194364,0.02965442276035265,0.013934484954847302,0.005364719113910652,0.03307718135145299
substack:this-afterlife-selected-poems-by-a-e-stallings,0.23110450854830702,0.2653941731837862,0.0537675591920265,0.4437921449089874,0.0059416141668929955
substack:are-filmmakers-finally-standing-up-to-chinese-censorship,0.5502449784696485,0.2818346944623064,0.0937761856964336,0.06783230921701873,0.006311832154592653
substack:what-americans-can-learn-from-brazils-chief-censor,0.7096417780119876,0.2243873995776668,0.027750693627109045,0.008956596482279033,0.029263532300957552
wp:posts:24740,0.004643073829156375,0.12438707284923205,0.8361656997278103,0.020008548847697587,0.014795604746104012
wp:posts:25104,0.07500789170763678,0.17543482475302344,0.7162011177991663,0.027869353421031393,0.005486812319142129
substack:what-the-twitter-files-revealed-about-power-and-censorship,0.5722101948261348,0.35845661511921445,0.018414323554795137,0.009498918856743716,0.04141994764311193
substack:why-do-our-political-options-suck,0.20332297208012684,0.05716784855230867,0.6636616829266847,0.014271109346782367,0.061576387094097323
substack:what-ayn-rand-meant-by-americanism,0.5373075992224987,0.41685530969730755,0.01321788816808071,0.007501664845723072,0.0251175380663899
substack:five-of-richard-bransons-most-inspiring-moments,0.29469282782594536,0.08083335473938087,0.5704955058721763,0.03180632002786843,0.022171991534628805
wp:posts:25335,0.004750674032170026,0.9464722386540004,0.03434876454654126,0.01116603813292715,0.0032622846343609803
wp:posts:25414,0.011118800287026801,0.04270055931118361,0.9369555227900641,0.005791842767324671,0.003433274844400862
substack:good-riddance-to-jacinda-ardern-arch-statist,0.4792198598117508,0.10506332325130315,0.34959809165175537,0.01572611357824183,0.050392611706948844
substack:free-speech-a-global-history-from-socrates-to-social-media-by-jacob-mchangama,0.47727860955661117,0.2890473164694314,0.021363628813587363,0.008656883662191847,0.20365356149817798
substack:bad-schools-and-what-to-do-about-them-with-andrew-bernstein,0.02391492648616761,0.7743989375492312,0.1729802827164486,0.015600137372396596,0.013105715875755852
substack:and-there-was-light-abraham-lincoln-and-the-american-struggle-by-jon-meacham,0.6544330793564566,0.058503349074976355,0.16695575203693136,0.034161511134301825,0.0859463083973338
substack:knock-at-the-cabin-written-produced-and-directed-by-m-night-shyamalan,0.06883299615287403,0.871705609457248,0.029618422491791297,0.026363636980179385,0.003479334917907656
wp:posts:25962,0.0038528612871109023,0.9603426490592274,0.026405980023807146,0.005666398531317595,0.0037321110985372038
substack:the-terrifying-prescience-of-george-orwells-1984,0.13725245821201312,0.7917281658577899,0.021462539444112465,0.011173149444691166,0.03838368704139324
substack:freedoms-furies-timothy-sandefur-on-the-importance-of-isabel-paterson-rose-wilder-lane-and-ayn-rand,0.49364484471465814,0.33111917023007076,0.018556684652017832,0.01580930821712574,0.14086999218612747
substack:from-the-editor-spring-2023,0.08517504795432507,0.7569213417416333,0.016826241438782065,0.006384861434509551,0.13469250743075017
substack:taylor-swift-fans-should-celebrate-her-becoming-a-billionaire,0.43959465641814843,0.35880330592630355,0.15409808915469653,0.04059585318609544,0.006908095314755763
substack:babylon-5-pioneering-philosophic-science-fiction,0.4864880437543848,0.3025532090057624,0.11928129231488342,0.08007359375328651,0.011603861171682411
wp:posts:26062,0.0019329895433988155,0.9810085781752782,0.01227827108253769,0.002844656828653619,0.001935504370131366
substack:the-stasi-poetry-circle-the-creative-writing-class-that-tried-to-win-the-cold-war-by-philip-oltermann,0.504920776611661,0.31000101022490123,0.0509603422036316,0.12894796865195604,0.005169902307850417
wp:posts:26327,0.006959295639608882,0.756749357859953,0.20634701087920201,0.022341770750023065,0.0076025648712130635
wp:posts:26340,0.004993749136503429,0.76863089499203,0.2103177629013284,0.010787734018900586,0.005269858951237435
substack:whats-love-got-to-do-with-it-directed-by-shekhar-kapur,0.03745297245408506,0.4597426394796079,0.45758582156117594,0.031184203850607488,0.01403436265452332
substack:how-to-read-a-book-the-classic-guide-to-intelligent-reading-by-mortimer-j-adler-and-charles-van-doren,0.24200316722212062,0.19079784108866188,0.22421014969085043,0.2942237420751369,0.04876509992322999
wp:posts:26818,0.018377660032976906,0.7818889608120944,0.09596965093122406,0.09795904474458932,0.005804683479115454
substack:the-case-for-nukes-how-we-can-beat-global-warming-and-create-a-free-open-and-magnificent-future-by-robert-zubrin,0.3755271141005036,0.22786920412398343,0.16131683186751214,0.1839393308322258,0.051347519075775026
substack:schools-foment-shootings-by-undermining-self-esteem,0.03331321274718306,0.05229050686316764,0.8745120269787287,0.022057336028937377,0.017826917381983602
wp:posts:26961,0.0029067352792638895,0.8666502229811528,0.1206884731567176,0.005897782059064263,0.003856786523801205
substack:brits-should-reject-monarchy-and-embrace-rights,0.888798945867306,0.04354595146695399,0.013816847146442471,0.006338208973096879,0.047500046546200485
wp:posts:27267,0.11524781503248718,0.17903840960966516,0.31263869384823717,0.39061095698251785,0.0024641245270924507
substack:from-the-editor-summer-2023,0.09413212031318166,0.6239217315614979,0.10383000549150084,0.1569683434624377,0.021147799171381796
substack:living-for-pleasure-an-epicurean-guide-to-life-by-emily-a-austin,0.4911821818673869,0.15557019292072002,0.04831586063505679,0.2959115701776795,0.009020194399156457
substack:navigating-todays-seductive-and-destructive-language-a-study-of-package-deals-and-anti-concepts,0.0014523888458511233,0.002620007840095503,0.04012692816743919,0.0014431488068822002,0.9543575263397319
substack:the-ethics-of-belief,0.003301735264459406,9.277492508173518e-4,0.8303500065689571,0.08821904762168506,0.077201461294081
substack:adam-smith-ayn-rand-and-the-philosophic-foundation-for-freedom,0.3448936324777078,0.16170165445895027,0.041250390620966554,0.26822559194894396,0.18392873049343128
substack:the-grand-vision-of-robert-p-mcculloch,0.6546695235994006,0.07690043689861138,0.08867177458159804,0.16327545704845547,0.016482807871934842
substack:sound-of-freedom-directed-by-alejandro-gomez-monteverde,0.026733576614631303,0.713724620097968,0.23103382873724354,0.023080022014833786,0.005427952535323677
substack:oppenheimer-written-and-directed-by-christopher-nolan,0.2622762880965503,0.525345330624798,0.0717431905963655,0.13365977251164807,0.006975418170638424
substack:the-flower-of-forest-park-innovation-in-architecture,0.0515643496017581,0.5221874753657676,0.08516373292493741,0.33557003231003374,0.005514409797503037
substack:from-the-editor-fall-2023,0.06118639113511107,0.7570464276486888,0.09490804554234773,0.048414738238233924,0.03844439743561846
substack:nine-inspiring-poems-about-the-future,0.07949617950744518,0.12574211166326613,0.7345938424570111,0.05341431412150775,0.006753552250769562
substack:helen-kellers-five-keys-to-being-happy,0.0018277654996084183,0.01954216879671012,0.7474295262448838,0.02703925969552396,0.20416127976327375
substack:on-choosing-to-be-a-younger-son,0.005013626889529168,0.14258832209030603,0.7746157179002164,0.004391912409164414,0.07339042071078393
substack:writing-against-your-life,0.005109786599231176,0.0093711569695727,0.982129682272927,0.002778651994809952,6.107221634591526e-4
substack:george-lucas-gets-the-moral-meaning-of-star-wars-wrong,0.3289852029962752,0.412691158574249,0.21052315507853933,0.037751036661112285,0.010049446689824583
substack:star-trek-inspires-people-to-boldly-go,0.0545372368427109,0.5262155113838461,0.20966210879515593,0.20218843486123309,0.007396708117053869
substack:gmos-good-man-made-organisms,0.1227967841751705,0.6284084394831501,0.17684406684854487,0.04251393776714734,0.029436771725987174
substack:ayn-rand-on-moral-sanction-what-bryan-caplan-gets-wrong,0.10457623190501544,0.746691427865364,0.09283723580946501,0.013098224535102156,0.04279687988505338
substack:ahsoka-created-and-written-by-dave-filoni,0.018058928667190707,0.9518865362524596,0.015360333841737133,0.012811874889292302,0.0018823263493199778
substack:noteworthy-new-music-from-joe-bonamassa-vikingur-olafsson-and-more,0.2735979805801356,0.5668159659680984,0.08553168320465597,0.06840736581307981,0.005647004434030049
substack:the-creator-written-and-directed-by-gareth-edwards,0.03599741582417931,0.8684784312588487,0.030129965740757887,0.06223544922275843,0.003158737953455429
substack:noteworthy-the-dueling-philosophies-of-two-new-guitar-albums,0.044974714408655504,0.3678780377923917,0.039735088361243884,0.5436031928144756,0.003808966623233174
substack:noteworthy-the-rolling-stones-robbie-robertson-glen-hansard-and-more,0.14571157131804782,0.7382775736109218,0.04793100308364562,0.0637833495547902,0.004296502432594338
substack:killers-of-the-flower-moon-directed-by-martin-scorsese,0.0670261791801478,0.7499828974689374,0.033958014504156996,0.1452356230995629,0.003797285747194547
substack:new-music-from-alice-sara-ott-duran,0.0327943423880028,0.26686218983443594,0.6538582894975291,0.03673955537091748,0.009745622909115162
substack:noteworthy-the-beatles-tom-bukovac-van-morrison-and-more,0.02135335989516728,0.9202272543396998,0.030771624280601102,0.02493197640212493,0.0027157850824072365
substack:the-great-escaper-directed-by-oliver-parker,0.1251484899808898,0.7999949471161173,0.040711687300520875,0.030182973372065366,0.003961902230406872
substack:against-the-new-politics-of-identity-by-ronald-a-lindsay,0.23848843576297393,0.1187339648234226,0.20692965626978602,0.028653408038043143,0.4071945351057743
substack:the-musical-time-machine-of-julian-lage,0.07536344937914956,0.47832038861590576,0.2033356422357726,0.2358208028572921,0.007159716911879703
substack:defend-israel-and-civilization-or-keep-the-faith-you-cant-do-both,0.03561042689712041,0.013253884763233102,0.007724140705114627,0.0015645591125008154,0.9418469885220311
substack:from-the-editor-winter-2023,0.027733465870771586,0.8011965614172326,0.0426604930871298,0.04949248589980674,0.07891699372505918
substack:hannah-frankman-rebel-educator,0.05324673610765991,0.5237621820033728,0.3543822456873805,0.037529503379156524,0.031079332822430066
substack:who-is-john-galt-mortgage-company,0.13917649234460147,0.13014871957967486,0.7193583415578021,0.007329950097429117,0.0039864964204920795
substack:frank-lloyd-wright-rebel-architect,0.22795290296374565,0.03143636665866307,0.1255125175704466,0.6145140197104186,5.841930967258947e-4
substack:ten-great-sci-fi-tv-shows-that-promote-reason-and-individualism,0.0890186613365723,0.36732385242404114,0.21787853288532785,0.3184376480177695,0.007341305336289333
substack:the-hunger-games-the-ballad-of-songbirds-and-snakes-directed-by-francis-lawrence,0.020819127072330766,0.901112146651651,0.02056854381982666,0.055095471001859485,0.0024047114543320268
substack:dolly-parton-was-always-a-rockstar,0.02549859094954839,0.2469517068547353,0.5636395030277593,0.16137325376203335,0.002536945405923759
substack:wonka-directed-by-paul-king,0.024742718888700343,0.9325366282641138,0.022731596764198645,0.01766729195497375,0.002321764128013254
substack:christmas-music-masterpieces-you,0.08896220409904862,0.23001171343800922,0.5156976161860056,0.15902084138581918,0.006307624891117229
substack:what-is-israeli-occupation,0.6980760283879055,0.03969931695164775,0.022067121883929203,0.006742721220387638,0.23341481155612992
substack:look-what-you-made-me-do-taylor-swifts-fight-for-her-creative-legacy,0.2344091514501333,0.3900310127562986,0.2595899836054585,0.10962291539654065,0.006346936791568735
substack:centers-of-progress-an-interview-with-chelsea-follett,0.22419029694633022,0.720775217867565,0.024197251039391018,0.01819303369068968,0.012644200456024393
substack:godzilla-minus-one-written-and-directed-by-takashi-yamazaki,0.4201983552200329,0.47917337937578347,0.043448943628089216,0.052470175421884736,0.004709146354210223
substack:american-classicist-the-life-and-loves-of-edith-hamilton-by-victoria-houseman,0.08187610156020088,0.2858167004920131,0.04636332076827303,0.5816392997484682,0.004304577431044599
substack:heres-what-dreaming-louder-sounds-like,0.04046195265967405,0.2002806914051014,0.5886874735535556,0.1647512782977857,0.005818604083883345
substack:individualism-in-anthem-jane-eyre-and-the-giver,0.07449559082854348,0.09418656846316173,0.785812181511264,0.04052059254071597,0.004985066656314978
wp:posts:29648,0.004831033784389387,0.9504831552742463,0.03492919633734164,0.005843572326649882,0.003913042277373099
substack:my-effin-life-by-geddy-lee,0.06162921944615337,0.28352243840139596,0.5362140540938922,0.11193167424378482,0.006702613814774069
substack:barbie-written-and-directed-by-greta-gerwig,0.04621451533329832,0.7761969268101794,0.07425208885491148,0.06872566211227532,0.034610806889335675
wp:posts:30845,0.007031376923509274,0.8895422893285018,0.07005194426129432,0.016205682290802544,0.01716870719589185
substack:why-its-ok-to-mind-your-own-business-by-justin-tosi-and-brandon-warmke,0.2197256574103916,0.3514192778927997,0.07477410183237625,0.12112859165400447,0.23295237121042794
wp:posts:30230,0.0021452763915947542,0.9799792033858041,0.011123428407930501,0.0030321051499945973,0.00371998666467574
wp:posts:30476,0.0042076914436468705,0.9391952472275776,0.04602921214515081,0.00622921158174186,0.00433863760188281
wp:posts:35770,6.591763910471737e-4,0.9949558766447418,0.002526578425222065,0.0011145411406976071,7.438273982912781e-4
substack:capitalism-in-one-lesson,0.540341145595033,0.007310927346429129,0.010226665414367966,0.059789119716719984,0.38233214192744985
substack:from-the-editor-spring-2024,0.04635430712195208,0.7317197407493349,0.014239615053779358,0.004974490948321807,0.20271184612661192
substack:davos-2024-special-address,0.1267401075082162,0.7159724231899517,0.017569990539936076,0.006937364532865228,0.1327801142290308
substack:americas-rise-and-fall-among-nations-lessons-in-statecraft-from-john-quincy-adams-by-angelo-codevilla,0.8631018577631983,0.038120526542262764,0.01961813876151015,0.00643362276657581,0.07272585416645297
substack:freedoms-furies-how-isabel-paterson-rose-wilder-lane-and-ayn-rand-found-liberty-in-an-age-of-darkness-by-timothy-sandefur,0.6955696992692184,0.15164575622182053,0.031203299001210615,0.018501730075118118,0.10307951543263232
wp:posts:30855,0.07408364946889963,0.5117702229354435,0.2528320897885577,0.013522181355877254,0.1477918564512219
wp:posts:30734,0.003968505508798138,0.008435784648201881,0.9386958949239846,0.04633982518145952,0.002559989737555457
wp:posts:30796,0.006111390736882334,0.30263341302030594,0.677136677607191,0.009556173899595599,0.004562344736025302
wp:posts:30810,0.005599509849713141,0.06319148125509508,0.8568023582878445,0.0702635587744102,0.004143091832936764
substack:the-triumph-of-defeat-lust-wine-and-rock-n-roll,0.044159111441155335,0.040045514577421754,0.8225084391697294,0.08692280547784853,0.0063641293338450745
wp:posts:30897,0.005899221540120869,0.24853493463924875,0.72562010997231,0.013915049735546877,0.006030684112773499
wp:posts:30931,0.01704790301985577,0.5853211236595653,0.18369933832210292,0.053862278594039734,0.16006935640443617
wp:posts:30990,0.0013598429700659924,0.004127084675129128,0.9900849257927736,0.002791931795163979,0.0016362147668670347
wp:posts:30959,0.10714804207915725,0.394565289188722,0.018934978972987425,0.012576637597476913,0.4667750521616564
wp:posts:30985,0.006383457115935847,0.5842206054218542,0.17044772889888365,0.019341532040013598,0.2196066765233128
wp:posts:31008,0.00786952158127437,0.07132042603818588,0.555968702174258,0.017040566891431776,0.3478007833148499
wp:posts:31012,0.003006282033866565,0.828612158660537,0.1256757855166885,0.004666160754171112,0.038039613034736665
wp:posts:31050,0.01606245749339294,0.21842216330511585,0.49694737960078916,0.2639960451354038,0.00457195446529848
wp:posts:31041,0.2646812062465686,0.10769344143220509,0.29138508690852066,0.32984754027508395,0.006392725137621843
wp:posts:31174,0.1988442841134422,0.7417924334914375,0.03427254957650631,0.0157014563318019,0.009389276486812396
substack:building-a-new-hong-kong-an-interview-with-ivan-ko,0.8840973394329524,0.07990638858926384,0.011200131225085362,0.005508433384110583,0.01928770736858775
substack:the-biden-administrations-demon-haunted-world,0.5403420709850899,0.04309774015819597,0.018923015098904768,0.006614250803873578,0.39102292295393576
wp:posts:31463,0.006807172807919605,0.6510644708857738,0.32414650423297314,0.009831635408648625,0.008150216664685052
wp:posts:31465,0.004375231253713682,0.3917946374983367,0.026962123745607178,0.010992761782902899,0.5658752457194395
wp:posts:31447,0.002733842968428692,0.01023613653042084,0.9807295024819157,0.004057826103727385,0.0022426919155072353
wp:posts:31562,0.006081798456808833,0.4108810895849551,0.0575334559686091,0.009247519911786186,0.5162561360778408
wp:posts:31585,0.005126623861317957,0.945136102446383,0.03691391458349298,0.007482353277037381,0.005341005831768364
wp:posts:31556,0.01601995160384634,0.5043209427247488,0.45620829521265344,0.014082647295340178,0.00936816316341088
wp:posts:31553,0.05337277331881829,0.25457087106900905,0.6688380230644932,0.014987063619758368,0.008231268927921127
substack:judgment-at-tokyo-world-war-ii-on-trial-and-the-making-of-modern-asia-by-gary-j-bass,0.9035574094247535,0.04759120566420568,0.02524694254145624,0.013161808473613586,0.010442633895971134
wp:posts:31746,0.001673360020065372,0.005918968457141055,0.9855248562745619,0.004109517257405112,0.0027732979908263768
wp:posts:31750,0.015518961050817605,0.009952812323789719,0.7107860822076433,0.11051507825454858,0.1532270661632009
wp:posts:31763,0.008300743119338082,0.14246057616087046,0.5859515106176665,0.045575603721063195,0.2177115663810619
wp:posts:31819,0.0035140851653105557,0.22333504745268126,0.7647928862242444,0.005742812085868114,0.0026151690718958006
substack:disney-versus-desantis-and-the-fairy-tale-of-conservatives-defending-freedom,0.7309119281883544,0.2166884660106512,0.013905778151743306,0.007338467920463436,0.031155359728787854
wp:posts:31811,0.0038076903986047866,0.01574034414563152,0.9583151228286299,0.017541948320440173,0.00459489430669319
substack:sam-harris-and-alex-oconnor-debate-morality,0.008660669910665952,0.39758275427489354,0.015138093705876534,0.010714460933588394,0.5679040211749756
wp:posts:32248,0.004918221791897336,0.010403181505199201,0.8795402615591007,0.024248648329320745,0.0808896868144822
wp:posts:32276,0.004854243189136252,0.537173687523078,0.06399569786543849,0.008425198305800862,0.38555117311654635
wp:posts:32272,0.007051905922085566,0.7850753576146167,0.19212939487725478,0.009895442509624259,0.005847899076418825
wp:posts:32317,0.008616971096018234,0.13292419410374742,0.6091864240462072,0.2467093191275248,0.0025630916265020564
wp:posts:32420,0.004487011661360771,0.6369442040270742,0.1255266324019845,0.006629401531908205,0.22641275037767233
substack:fears-of-a-setting-sun-the-disillusionment-of-americas-founders-by-dennis-c-rasmussen,0.5260283484811429,0.38969447776442045,0.016942559366397773,0.009879764829473883,0.05745484955856517
wp:posts:32618,0.009397857817216242,0.015385834702614648,0.8736636084221878,0.09224782695604715,0.009304872101934376
wp:posts:32627,0.035135749362124206,0.2749016592838971,0.03055318898276889,0.008873564876067837,0.650535837495142
substack:kiyah-willis-on-youtube-a-voice-of-reason-for-gen-z,0.01271230458892623,0.865037003130981,0.027437679838909157,0.007743199513462323,0.08706981292772115
wp:posts:32645,0.005671034450118159,0.8566374852354149,0.06569585613425163,0.008105015327827586,0.06389060885238779
wp:posts:32647,9.789202084519884e-4,0.0048789264791888965,0.9900640936651719,0.0021401791012665436,0.0019378805459202685
substack:slow-productivity-by-cal-newport,0.03473337683879843,0.21895213950789114,0.7045100641968489,0.023328355766301583,0.018476063690159982
substack:the-new-guitar-storytellers-bringing-back-the-instrumental,0.19125104928114728,0.4779094061643196,0.21400555619110992,0.10930486282417294,0.007529125539250049
wp:posts:32733,0.001473970629653506,0.00332992434102431,0.9911487082643913,0.002582085327089633,0.0014653114378409262
wp:posts:32758,0.012206613638972762,0.4736432025930017,0.12840487323699237,0.020594296709228344,0.36515101382180487
wp:posts:32738,0.002351897593631707,0.9776562474656382,0.014094762903978958,0.0034809238831563123,0.0024161681535946537
substack:from-the-editor-summer-2024,0.2127853665167919,0.5801257633364237,0.09828635178642414,0.0475470781198262,0.0612554402405343
substack:individuality,0.17372565309846558,0.0024596860011470915,0.6240560556117556,0.01904710165626169,0.18071150363237007
substack:brooklyn-stories,0.054446443601347635,0.8800099390532528,0.028675720199697417,0.03363272997841709,0.003235167167285213
substack:jojo-rabbit,0.04964883949046334,0.9050931181783245,0.021464086352015813,0.021294925853673007,0.002499030125523547
substack:thomas-paine,0.4186255597435805,0.0687550679279064,0.021697468266376946,0.007463840773515851,0.48345806328862034
substack:love-in-atlas-shrugged,0.08480020321497177,0.36822839123378437,0.0701769500353487,0.02965592088697842,0.4471385346289168
wp:posts:32802,0.09877884671212217,0.007254468924905571,0.8190037193267321,0.029692519297432808,0.04527044573880759
wp:posts:32822,0.005640176144109491,0.11810800506854027,0.8372275645922916,0.035240277747415644,0.0037839764476427697
wp:posts:32841,0.003303947719193071,0.013866779593793876,0.9023190635978429,0.07663197549027843,0.003878233598891751
wp:posts:32910,0.011606627747315364,0.5435728929639329,0.3750735066226426,0.04188871781403875,0.027858254852070392
wp:posts:32915,0.08203729687390525,0.7221631494276035,0.1321245188794569,0.05702440679673684,0.00665062802229743
wp:posts:32920,0.003815306188114808,0.8388016080276177,0.12041554802204067,0.004752489073316069,0.03221504868891081
wp:posts:32961,0.003095828127027695,0.017904051294991192,0.8928228721315236,0.08436255293889426,0.001814695507563224
wp:posts:33060,0.0061104228892926655,0.604333576887674,0.11407516819690831,0.012460800135765488,0.2630200318903595
substack:puddnhead-wilson-with-those-extraordinary-twins-the-authoritative-edition-by-mark-twain-edited-by-benjamin-griffin,0.0907517613375282,0.5224466186170432,0.149060011127121,0.2308762154122965,0.006865393506011319
wp:posts:33101,0.04784998537751351,0.7008998720909713,0.20340484668440253,0.01848470446301674,0.029360591384095826
wp:posts:33132,0.005912108495651513,0.8006715533944359,0.17367053525233575,0.012615571873907999,0.007130230983669262
substack:star-trek-discovery-created-by-bryan-fuller-and-alex-kurtzman,0.022913888722296553,0.902803892222394,0.018605743541559576,0.053406985348396795,0.0022694901653527036
wp:posts:33159,0.018335548095574333,0.07960427142595256,0.7481563739793448,0.14921408204823952,0.004689724450888812
wp:posts:33236,0.17662369260382088,0.3851846957123541,0.39457936342923294,0.03522587218749309,0.0083863760670992
wp:posts:33470,0.007254234407115322,0.1434454014594524,0.8270623388974313,0.01409388192741209,0.008144143308588507
wp:posts:33500,0.014561957767560432,0.22665436793784155,0.5518675352826592,0.02522507112476438,0.18169106788717446
substack:the-united-states-governed-by-six-hundred-thousand-despots-a-rediscovered-narrative-by-john-swanson-jacobs-edited-by-jonathan-d-s-shroeder,0.49579950725719846,0.17236724686281366,0.2586395305024921,0.04803956462035573,0.025154150757140215
wp:posts:33565,0.001460115736523198,0.0037684993912192586,0.9895711124455403,0.003006463792690301,0.0021938086340267484
wp:posts:33613,0.020385455746447137,0.1442282441320332,0.2047244957721453,0.024032919133313502,0.6066288852160607
substack:fly-me-to-the-moon-directed-by-greg-berlanti,0.041931607566611205,0.6788079232522684,0.24042768015721994,0.03258258355672598,0.006250205467174706
wp:posts:33753,0.013255865611447218,0.3542008600031569,0.5941807314397828,0.025688808373427446,0.012673734572185224
wp:posts:33759,0.40932023843961446,0.4069305608175541,0.07152177923582738,0.023310953237059135,0.0889164682699449
substack:my-conversion-from-anti-industrialist-to-a-lover-of-human-progress,0.04448838645971816,0.2601379142708792,0.6398932904867675,0.03088603656101537,0.02459437222161983
substack:on-the-warpath-my-battles-with-indians-pretendians-and-woke-warriors-by-elizabeth-weiss,0.4039230550287675,0.2303785496135629,0.09835851312048835,0.12281290579764835,0.14452697643953286
wp:posts:33815,0.011956562880370438,0.2872066296616319,0.6776008193814999,0.015999635669344748,0.007236352407152758
wp:posts:33811,0.01404415357127376,0.464159854908169,0.4743339077915807,0.024402800116758206,0.023059283612218272
wp:posts:33965,0.01019212952213167,0.31466266759587286,0.64639695478099,0.017667217612228076,0.011081030488777502
wp:posts:34012,0.008861684991822208,0.1191486825513638,0.8501224461701172,0.014267155095446973,0.0076000311912498815
wp:posts:34030,0.010314699475239088,0.36757021626134917,0.5954973967786563,0.016859211222657385,0.009758476262098163
wp:posts:34064,0.6810579805233318,0.1186565677039229,0.15966797484784018,0.027259320867148322,0.01335815605775657
wp:posts:34092,0.010101545930793224,0.5790051853094744,0.3739446049904669,0.027855564423413127,0.009093099345852567
wp:posts:34100,0.004332427971347509,0.43772246844674617,0.5436704321943453,0.008670784106219267,0.005603887281341328
wp:posts:34113,0.0048019321969983,0.35953690596182575,0.05289795464361479,0.0054875728465242,0.5772756343510369
substack:the-case-for-western-civilization,0.13958245118432225,0.5347084871869677,0.019062286994096202,0.007891570405762485,0.29875520422885143
substack:the-war-on-crypto,0.8556041663245036,0.0448503062782307,0.018366805231286445,0.005624895816505179,0.07555382634947388
substack:john-quincy-adams-and-the-sacred-fire-of-liberty,0.6395877436757185,0.11237830714566295,0.07139695217779163,0.01961122554905311,0.15702577145177393
substack:the-song-of-the-new-world,0.33478040174253726,0.5761717858676277,0.045219469519290914,0.03933488799071974,0.004493454879824644
substack:from-the-editor-fall-2024,0.3435027674880621,0.6137780760978058,0.017332739908869264,0.008363256605355982,0.017023159899907044
wp:posts:34128,0.4636194766418083,0.272793667635808,0.04478539627079525,0.018811125789338183,0.19999033366225036
wp:posts:34148,0.028590158349997192,0.164074279842085,0.7782591691886106,0.019691588249132686,0.009384804370174702
wp:posts:34155,0.011527359883260004,0.3950179242467025,0.5541138598798827,0.02652093073505942,0.012819925255094943
wp:posts:34162,0.019221765437020106,0.4542250702796455,0.3967043138678488,0.09648764266310003,0.033361207752385574
wp:posts:34177,0.011491376388256308,0.2383386910118289,0.7233499872781854,0.017548964792356445,0.00927098052937306
substack:the-obscenity-of-banning-books,0.13751300216592827,0.26442213373511436,0.48852182765431945,0.013642096554427434,0.09590093989021047
wp:posts:34240,0.010569993810163514,0.06419970170152743,0.6361416201056195,0.01477601079460167,0.27431267358808786
wp:posts:34252,0.014830015585046525,0.3457771234658662,0.5016836111248457,0.12533851022673997,0.012370739597501828
wp:posts:34295,0.13745547458633325,0.10180844622247023,0.7259527271249868,0.022677911812978617,0.012105440253231035
wp:posts:34337,0.01451757753719451,0.14532820085885573,0.8103424192038344,0.018079954087557065,0.01173184831255809
wp:posts:34387,0.013320106193414765,0.30967754984070806,0.5707124980573614,0.09465575187849712,0.011634094030019056
wp:posts:34393,0.0064589511196979565,0.557469288127763,0.029002735706104666,0.006228689604262742,0.4008403354421715
wp:posts:34431,0.008221902709528738,0.8235562652315034,0.1359928492260183,0.021325302326285222,0.01090368050666448
wp:posts:34418,0.009620801005768757,0.879500856055164,0.08315993865993404,0.01495376920611335,0.012764635073019961
wp:posts:34426,0.006985272640589277,0.03762591701894175,0.9310116644781268,0.011275903321271017,0.013101242541071352
wp:posts:34470,0.010007033344113247,0.17247144476727927,0.793182984522572,0.014654448462342361,0.00968408890369296
wp:posts:34508,0.008449080986668975,0.889430620859792,0.07673433998628514,0.014840322392793629,0.010545635774460011
wp:posts:34555,0.013088215516780232,0.2631046342917033,0.08277776281319206,0.22600335608454283,0.41502603129378146
wp:posts:34547,0.01678771519599609,0.44306126676648433,0.5050394024209414,0.020967976325508012,0.01414363929107037
wp:posts:34582,0.12328761602820495,0.05543274298789419,0.7392079609836202,0.017518486870399225,0.06455319312988135
substack:challenger-a-true-story-of-heroism-and-disaster-on-the-edge-of-space-by-adam-higginbotham,0.7808172156747076,0.06337363377722784,0.10905051732259965,0.03149925667753242,0.015259376547932723
wp:posts:34606,0.08681146612678858,0.24878270695104582,0.623687553116502,0.027966250033801012,0.012752023771862271
wp:posts:34618,0.003700751292284158,0.01813389031312416,0.967404736451187,0.006838265010347852,0.003922356933056791
wp:posts:34664,0.022106167988549603,0.024824596972243287,0.7867574970061871,0.15474504558418486,0.011566692448834834
wp:posts:34674,0.014274264336305157,0.4550664868439068,0.4864228647339857,0.031881978665484846,0.012354405420317635
wp:posts:34684,0.02163772186234692,0.19664767430164473,0.1482042518972273,0.3845579367121549,0.24895241522662614
wp:posts:34773,0.006603426304861764,0.028022045340550968,0.8508865746426486,0.010474826097444977,0.10401312761449352
wp:posts:34777,0.013876490737839578,0.7622108206521523,0.09083988139838946,0.012892557542748448,0.12018024966887016
wp:posts:34994,0.013562567195779005,0.05128846647338233,0.8173767128489506,0.10888495875556695,0.008887294726321477
wp:posts:35008,0.005354590175949677,0.6584104984584935,0.32111406263926595,0.009192625832715304,0.005928222893575262
wp:posts:35053,0.008267123897014615,0.06758351766891989,0.902090555943733,0.015845401595745642,0.006213400894586529
substack:star-trek-prodigy-created-by-kevin-and-dan-hageman,0.08153458209509166,0.4768046227176349,0.3104304360216412,0.12451425680267048,0.006716102362961759
wp:posts:35218,0.00833056709472994,0.6112196082972001,0.34727133795433235,0.021724508360410115,0.011453978293327236
wp:posts:35215,0.12225295085354036,0.17406122651270917,0.39456672864300624,0.021866020320252824,0.2872530736704913
wp:posts:35212,0.015752322768042587,0.33794192088944625,0.5650129691502235,0.06063681331507502,0.02065597387721265
wp:posts:35336,0.5316295342178176,0.06228012643315656,0.281184155032068,0.11284414615870479,0.01206203815825288
wp:posts:35349,0.009252506349418146,0.22732677181287989,0.7361732648972779,0.018746465396054606,0.008500991544369674
wp:posts:35351,0.004973490140237285,0.6897715112054019,0.29266186361739877,0.006954406980164818,0.005638728056797022
wp:posts:35340,0.4682538859724859,0.1249350693579367,0.33088178935325463,0.0291528293772877,0.04677642593903537
wp:posts:35347,0.09331792137285616,0.1134545519739245,0.7563632928610265,0.02524289039989904,0.011621343392293955
wp:posts:35410,0.22455132717157028,0.14873278423816977,0.27047079308062805,0.3141562724249075,0.04208882308472442
wp:posts:35412,0.015733496251725078,0.06078437613513228,0.28958447410171534,0.012949804055580941,0.6209478494558465
wp:posts:35418,0.13166999792551812,0.045343801567644074,0.6442088526064694,0.16583386841695602,0.012943479483412283
substack:ayn-rand-and-the-future-of-freedom,0.04729356787470854,0.38678710376008196,0.5004605006051828,0.012504849041982485,0.05295397871804442
substack:mark-knopfler-sultan-of-song,0.5236091983572257,0.21657348946014035,0.12318471676900848,0.1303061745411243,0.0063264208725011956
substack:dreaming-of-america-the-art-of-hiroshi-nagai,0.2608126273946178,0.33378740725038814,0.06741735932676597,0.33152552215660874,0.006457083871619438
substack:from-the-editor-winter-2024,0.08730996402700067,0.6417485802022731,0.021493555449348185,0.174463651761663,0.07498424855971522
substack:make-it-something-that-enhances-life-the-architectural-philosophy-of-john-c-portman,0.10363678639508862,0.3670269527190866,0.12700624290902102,0.3945743107803034,0.007755707196500169
wp:posts:35446,0.06150157726208639,0.16177624113539446,0.687748593693819,0.07689289641771056,0.012080691490989712
wp:posts:35444,0.3737191065205229,0.03855862326368852,0.561944370459731,0.017004466246907157,0.008773433509150667
wp:posts:35449,0.33242607306346444,0.08752531646611997,0.33490051074834093,0.23357300460191346,0.011575095120160967
wp:posts:35462,0.013122828981448531,0.2230511666032209,0.7123478149871658,0.015562229884717609,0.03591595954344736
wp:posts:35459,0.004793692489022933,0.023052754831039576,0.9575880571135656,0.008301981061524615,0.006263514504846954
wp:posts:35502,0.07766870981309258,0.04721311832808453,0.7802531998047983,0.0838114695190199,0.011053502535004894
wp:posts:35500,0.5685907654015987,0.07302126143601684,0.20848021758734522,0.02532405897210831,0.12458369660293114
wp:posts:35516,0.013786591459189076,0.030982410394535153,0.9365086333364668,0.011690922795138944,0.007031442014670034
wp:posts:35513,0.008155766787227906,0.32163042848209267,0.6476646763103151,0.013721243385743933,0.00882788503462074
wp:posts:35539,0.0048763957649169826,0.5721111908598601,0.23545586987811828,0.006309800631314062,0.18124674286579073
wp:posts:35558,0.01962666847006065,0.5296805191623236,0.2071436036126383,0.23218056746726617,0.011368641287711262
wp:posts:35554,0.007543647149105346,0.30010607202774947,0.6685574397741009,0.01301401503663687,0.010778826012407677
wp:posts:35588,0.01061850320901051,0.06946711288830787,0.8891286869689193,0.023079112268630825,0.007706584665131661
substack:elevate-your-writing-intern-with,0.016153762959516746,0.6606533905722366,0.27631577976754323,0.03825501395827612,0.008622052742427552
substack:fall-2025-subscriber-files,0.019578151551472908,0.9668336500388784,0.0055946439463948885,0.0038936647760903173,0.004099889687163754
substack:print-issues,0.01864262692037055,0.9293822769075717,0.03224034342461222,0.010688742160385813,0.009046010587059748
substack:quarterly-journal,0.9313361776429502,0.05947941112795866,0.003685645554853682,0.003609500741647669,0.0018892649325894754
substack:style-guide-for-tos,0.09705626760693467,0.37160639610478785,0.024192504033895265,0.37894069853770085,0.12820413371668155
substack:tos-weekly-a-forgotten-hero-of-european,0.02457595112160605,0.9498217677642107,0.011516632791642875,0.00681509391207011,0.007270554410470585
substack:tos-weekly-americas-wartime-industrial,0.01564698743727041,0.9604482815296169,0.011551000468411675,0.005894532318796502,0.006459198245904025
substack:tos-weekly-andor-star-wars-at-its,0.016791463649379536,0.9387565017241638,0.013196665829073317,0.02465684452333477,0.006598524274048683
substack:tos-weekly-celebrate-producers-this,0.03624076662129475,0.8880049513685139,0.04053917304808163,0.016638037965860625,0.018577070996248946
substack:tos-weekly-debunking-progressive,0.0093588135622608825,0.972979237405176,0.008282995921801366,0.004495417191584463,0.00488353591917745
substack:tos-weekly-frankensteins-redemption,0.011809656561797095,0.9495385510952739,0.013404255639649908,0.019523793178825893,0.005723743524452926
substack:tos-weekly-going-undercover-to-expose,0.017923030818764007,0.9447771518366602,0.010795510003022684,0.010010511973849777,0.016493795367703717
substack:tos-weekly-government-threats-against,0.2430531769698978,0.620087595725864,0.03236190563212894,0.009708274960710804,0.09478904671139858
substack:tos-weekly-growing-up-with-jane-austen,0.011605239461132554,0.9663027657449433,0.010246830210794745,0.005443083271912302,0.0064020813112168114
substack:tos-weekly-hollywoods-originality,0.028703823662360402,0.9370327242501842,0.018571100581576964,0.007206780230261423,0.008485571275617144
substack:tos-weekly-how-a-deeper-understanding,0.01666924428464918,0.9349246011949001,0.016404006866495624,0.006926365593331675,0.02507578206062321
substack:tos-weekly-jihad-appeasement-and,0.21245797988902954,0.6307611722417036,0.02221303287913514,0.008083835967974812,0.12648397902215694
substack:tos-weekly-life-vs-faith,0.04134104125659386,0.9178763367554797,0.011610861924235424,0.006862068714046962,0.022309691349643834
substack:tos-weekly-reason-and-rights-pillars,0.010633915877209939,0.671615740156535,0.010220938045766011,0.0042081251322454005,0.3033212807882436
substack:tos-weekly-robert-ingersolls-moral,0.013308246875909395,0.9639912147549539,0.009635898448697952,0.0054562198590499406,0.007608420061388617
substack:tos-weekly-ryan-holidays-principled,0.014782722830723441,0.950782420755113,0.014184393214027065,0.0073550007848004525,0.012895462415335648
substack:tos-weekly-sunrise-on-the-reaping,0.013094413075711107,0.9608637796288938,0.01320049414322257,0.006309734079432477,0.006531579072739924
substack:tos-weekly-the-false-narrative-behind,0.01504058568087812,0.9639805008005388,0.008998256393871607,0.0053876344064010704,0.006593022718310512
substack:tos-weekly-the-two-state-delusion,0.01367537494255847,0.7935260611055283,0.016622621651583767,0.015759657058258974,0.1604162852420706
substack:tos-weekly-thinking-vs-tribing-the,0.05146874030953501,0.9050223085053238,0.022322037772125262,0.010744744201635638,0.010442169211380392
substack:tos-weekly-two-unsung-heroes-of-science,0.01648900497524334,0.7491513223003498,0.016993971473015797,0.21013377926878118,0.007231921982609718
substack:tos-weekly-why-is-communism-so-poorly,0.007510911540259399,0.9732364607749827,0.008587379440226896,0.004299973649198061,0.0063652745953331836
substack:tos-weekly-william-f-buckleys-true,0.022135064268087035,0.9549268212370904,0.009837929492254455,0.005567606716500416,0.007532578286067791
substack:winter-2025-subscriber-files,0.015639002450877713,0.9743614270357281,0.004030775564259744,0.0030122333800847757,0.0029565615690494555
substack:writers-guidelines-for-tos,0.011753784502235878,0.7145247901765739,0.18318067066045587,0.043898021763639036,0.04664273289709524
wp:posts:35592,0.012088933807343135,0.8067411027910578,0.10725414310184246,0.01972720903903565,0.05418861126072089
wp:conferences:36077,0.0044612221644491756,0.7863034037347717,0.15461788253006117,0.004243771070462459,0.05037372050025526
wp:posts:35631,0.003276733284754916,0.05235734178575232,0.22217603687499352,0.006320498668698176,0.7158693893858011
substack:new-who-at-twenty-the-doctor-who,0.049666979814838336,0.6047843838402448,0.19669000213433488,0.1433347239038899,0.0055239103066922705
wp:posts:35682,0.011944797801023414,0.6133073676048648,0.3452511271879689,0.016841263485222316,0.012655443920920476
wp:posts:35678,0.01680464290669291,0.6507340572493614,0.2712123013728338,0.050079692848759606,0.011169305622352297
wp:posts:35686,0.09559878718744533,0.08258909292093565,0.6210424453416559,0.18809977543872888,0.012669899111234574
wp:posts:35689,0.010072499780095088,0.08558811410593893,0.7895280320170545,0.014464603921251158,0.10034675017566023
substack:richard-trevithick-the-forgotten,0.25949550157771867,0.0432496809390556,0.5572826085896038,0.030947288797835183,0.10902492009578686
substack:why-does-hollywood-have-an-originality,0.030664780755631855,0.6241436763000096,0.31043666826838817,0.030222028101236417,0.004532846574733724
wp:posts:35753,0.03118566818765486,0.2215476701853839,0.5484973834381722,0.18406105156998473,0.014708226618804013
wp:posts:35768,0.0018517047002746545,0.9831549619516328,0.010467643290369977,0.0026027587714582234,0.0019229312862642023
wp:posts:35786,0.20775411264835378,0.18952658137247022,0.5436293218669969,0.04612129552069971,0.012968688591479852
substack:promoting-life-reason-and-libertyeven,0.3429313331888565,0.2954226420364545,0.3303957977677072,0.006127407778307426,0.025122819228674324
wp:fellows:35998,0.018373402603818926,0.948842451411936,0.01564736973973665,0.007746378783959989,0.00939039746054868
wp:posts:37805,0.008245135742998306,0.14890229236262287,0.8010125802702409,0.032522995313161426,0.009316996310976803
wp:posts:37806,0.18130067153402382,0.08432945806611875,0.6875625323295547,0.025464592942531478,0.021342745127771325
wp:posts:37807,0.4441222520454112,0.3090566533534366,0.17032045399309115,0.06757873256687691,0.008921908041183813
substack:free-will-who-has-it,0.001553466731308385,0.001200875060686825,0.5439564919733468,0.059009256651487624,0.39427990958317033
substack:the-spring-2025-issue-of-tos-is-published,0.014179675334864743,0.9512954309259408,0.00893328412835094,0.004500084901199897,0.02109152470964362
substack:doge-should-protect-rights-not-democracy,0.5204500213102786,0.11305822760215739,0.0038700420752164335,0.0017194337347656405,0.3609022752775819
substack:giordano-bruno-herald-of-the-enlightenment,0.15125366172765453,0.04350250607304515,0.19869313042782555,0.5337515019291456,0.07279919984232934
substack:trumps-tariffs-immoral-indefensible,0.8492165072153919,0.0030931914503910573,0.0026844033670120984,6.011679221034674e-4,0.1444047300451014
substack:charlie-mungers-value-investing-a,0.17443609526761578,0.022609156500980523,0.6702264454221742,0.12995238086721997,0.0027759219420095942
substack:the-mysterious-affair-at-styles-by,0.08700586844983538,0.1178460650122824,0.6836015926203256,0.10813164039707976,0.0034148335204764535
substack:it-ends-with-us-directed-by-justin,0.05400299242333221,0.28543415422946383,0.6188133306991882,0.03747801429252611,0.0042715083554900205
substack:lessons-on-liberty-and-self-esteem,0.00427166722874846,0.0016352058472454503,0.8513482919194627,0.0014655709136710527,0.14127926409087224
wp:posts:37808,0.14150385741247293,0.2190320148820641,0.6056235003112064,0.024358450256199954,0.009482177138056927
wp:posts:37809,0.005403485945611267,0.18798931717680928,0.7890764748471185,0.010445520782083637,0.007085201248377784
wp:posts:37811,0.013868682033517293,0.21574516095403443,0.6849113234155821,0.035583534508354504,0.04989129908851135
wp:posts:37810,0.02087611580031521,0.6231038688715591,0.09794227712359041,0.22926033311917357,0.02881740508536181
substack:twin-peaks-created-by-david-lynch,0.039357756901532384,0.27778698690779047,0.46045029141865884,0.16097842892143577,0.061426535850582754
wp:posts:37812,0.15515660701013256,0.0578758766629044,0.7511137670157269,0.023271913732649405,0.012581835578586886
substack:africa-brooke-on-the-cult-of-wokeness,0.13075647258824358,0.24235658297974352,0.5936542037932683,0.021806215102240636,0.011426525536504263
substack:henry-kaiser-wartime-producer-and,0.8472812814483481,0.036377234926500225,0.10631690113058898,0.007660421817254583,0.002364160677308166
wp:posts:37813,0.011111325811956285,0.029488552420218906,0.9428942299773466,0.008997781797877486,0.007508109992600604
substack:miss-austen-adapted-by-andrea-gibb,0.023027521430707423,0.24897474036489173,0.7086429949190876,0.016699935745937585,0.002654807539376198
substack:creating-and-climbing-your-ladder,0.023482448836634646,0.3430921617225483,0.5956371567161526,0.01608939153756305,0.02169884118710157
wp:posts:36071,0.005716325675770933,0.026302055567745806,0.9443728035677718,0.018530029430084916,0.0050787857586264366
substack:levelup-2025-program-announced,0.004977725245730805,0.9849176438662248,0.0046723929523139265,0.0026093432605541786,0.002822894675176206
wp:posts:36074,0.01802361939845461,0.5927811148806854,0.3295370782686929,0.019991563206582914,0.03966662424558406
substack:robert-ingersolls-profoundly-moral,0.749393019316835,0.08752638343864153,0.004282072596498841,0.002176948150228712,0.1566215764977958
wp:posts:37816,0.045342232599716877,0.14345951286886263,0.7537168038912219,0.03512520520740489,0.02235624543279378
wp:posts:36079,0.02106489605818539,0.3233169262550276,0.5886065820020622,0.055639593995780015,0.011372001688944457
wp:posts:37814,0.03533870611607339,0.08453953148695693,0.785458168244084,0.0730802526889338,0.02158334146395175
wp:posts:37815,0.01606805259053336,0.6244733363775612,0.30731049619722745,0.03960347777471656,0.01254463705996179
wp:posts:36010,0.02085457649592144,0.34721432330008845,0.2391511446773049,0.06145541740167141,0.33132453812501383
wp:posts:36003,0.21187151595080805,0.30023454220422185,0.4343002809262877,0.025913060202343928,0.02768060071633851
substack:new-reading-group-atheism-the-case,0.030280448749155007,0.14503886183230888,0.06479154033918133,0.014688648142011025,0.7452005009373438
substack:how-to-love-literature-even-more,0.011125904669743537,0.8103836127290122,0.12267207935453046,0.014252987347874908,0.04156541589883873
substack:sunrise-on-the-reaping-by-suzanne,0.08369308452047423,0.07388471625218535,0.6521950159565351,0.07546976520139098,0.11475741806941442
substack:i-gotta-be-me,0.3841999920364812,0.3363961005765537,0.2500534791175701,0.01562724876048749,0.01372317950890792
substack:how-a-deeper-understanding-of-your,0.21016202304436316,0.04791646947435985,0.7049307252047161,0.021218326561772548,0.015772455714788195
substack:clair-obscur-expedition-33-developed,0.10037524693236273,0.672905996060887,0.12040766860558919,0.10053072750480073,0.005780360896360361
wp:posts:37825,0.2801235878646699,0.13366302172253172,0.34483092399161747,0.050219757405837125,0.1911627090153438
wp:posts:37824,0.012283654999048427,0.030730062634315745,0.8889846277295437,0.015455848131938267,0.052545806505153794
substack:kudos-to-ryan-holiday-for-standing,0.05400023299259146,0.8552764962956957,0.013441162144560754,0.005153381278694649,0.07212872728845758
wp:posts:37826,0.1326447889748255,0.16907689820053531,0.20572385677603733,0.4827636381568689,0.009790817891733347
wp:posts:37827,0.009828987464308915,0.05211510427721566,0.865139943656545,0.060747140341652274,0.01216882426027798
substack:reason-for-living-a-rational-approach,0.019121759737408362,0.9400938777338081,0.02177307686125607,0.009434119450662597,0.00957716621686509
substack:a-black-hole-in-economics-money-creation,0.2991079707718104,0.5867679230947307,0.05740764129011002,0.035511860519275316,0.0212046043240738
substack:frederic-bastiat-champion-of-liberty,0.4657255562170223,0.06165004555837206,0.08235474221210486,0.025456105439065565,0.3648135505734352
substack:the-doge-delusion-trumps-power-play,0.9259391547046707,0.03227924852589452,0.012315047201886496,0.004363641283077786,0.025102908284470624
substack:adopting-rational-virtues-to-achieve,0.025447260875370293,0.4359396021807423,0.05190258981500668,0.014617502048902152,0.4720930450799786
substack:andor-created-by-tony-gilroy-review,0.0799434273485219,0.7125503144992372,0.11271519626837105,0.08937295439538614,0.005418107488483751
substack:the-happiness-experiment-by-carl,0.15422167340328474,0.2806841957778715,0.45364217640968463,0.05973389873685675,0.05171805567230258
substack:code-name-pale-horse-how-i-went-undercover,0.7039453899130687,0.2428998747045557,0.014983185984186007,0.008500057901203388,0.029671491496986353
substack:the-summer-2025-issue-of-tos-is-published-f9a,0.03168162131347622,0.893229950669764,0.015477756710911736,0.012752327475419807,0.04685834383042841
wp:posts:36186,0.45424367742514093,0.0340669820205525,0.48617079181911277,0.01734372724023995,0.008174821494953967
wp:posts:37829,0.01582078404087709,0.15550988560886464,0.5469715417249564,0.020592012587320244,0.26110577603798163
wp:posts:37828,0.005704685601454548,0.023462640452190164,0.9529240506695583,0.011883682255739311,0.006024941021057368
wp:posts:38010,0.010820715840103214,0.03906163118150091,0.5935783426213022,0.019535983502304153,0.3370033268547895
wp:posts:38019,0.018873988766731523,0.3825107918515997,0.5373859427967033,0.023432222025169556,0.037797054559796
wp:posts:38014,0.04785160401114032,0.0834834849168684,0.6947009078852667,0.1574823797875298,0.01648162339919451
wp:posts:38819,0.009007334153333551,0.03872060522281097,0.9337886291629441,0.01209783187118767,0.006385599589723295
wp:posts:38878,0.34681878852820885,0.10291203223053602,0.3371117165553962,0.13074051166053938,0.08241695102531958
wp:posts:38745,0.012071336218438235,0.47173151216101294,0.2646839332312187,0.023091632397059025,0.22842158599227122
substack:progressive-myths-by-michael-huemer,0.8776607011962803,0.049581425584057176,0.03417335677459233,0.022503525052318844,0.016080991392751515
substack:free-will-do-you-have-it,0.02772961755341667,0.4908917179824338,0.21466703672774706,0.02445477125970827,0.2422568564766943
substack:one-landowners-quiet-revolution-in,0.6040442840268717,0.08574603702220293,0.10459210010901647,0.09625166535285812,0.10936591348905074
substack:my-debate-with-alex-oconnor-on-free,0.023997887421525654,0.6751713244729012,0.2650559110777417,0.019226713241407654,0.01654816378642385
substack:the-false-narrative-behind-trumps,0.9464528931533178,0.02644380196275995,0.008044339067618776,0.003608588563299286,0.015450377253004218
substack:nine-poems-on-the-heroism-of-industry,0.4067916142954039,0.1750227437316645,0.3445992163874963,0.06687332404827931,0.006713101537155557
substack:excerpt-from-principles-of-nature,0.09116868894996241,0.8429347947011242,0.027284033750480437,0.020444972786801942,0.018167509811631146
substack:celebrating-the-real-progressives,0.3699164444396967,0.42962260289720594,0.0525029036434473,0.057285099823229886,0.0906729491964204
substack:the-fall-2025-issue-of-tos-is-published,0.07465426850920935,0.78910577977433,0.019170444836638507,0.00680834084148026,0.11026116603834173
substack:congratulations-to-spacex-for-opening,0.32828527369751304,0.0606193469301939,0.15876849634027662,0.4353673318127354,0.016959551219281135
substack:summer-of-our-discontent-the-age,0.30678115690734126,0.624617830520846,0.027457642572783162,0.011237192512643015,0.029906177486386645
substack:thinking-vs-tribing-the-difference,0.10495188596290109,0.4322083782966372,0.16925942274180583,0.03924184982877725,0.25433846316987857
substack:government-threats-against-abc-are,0.10776474297569152,0.6158232362120928,0.0912096870526591,0.011626560394911282,0.17357577336464527
substack:the-fantastic-four-first-steps-almost,0.02345957819229088,0.8931643894125596,0.022873892565800955,0.05807940219302781,0.002422737636320806
wp:posts:38995,0.018748917396999968,0.17567324028741874,0.19103689631260132,0.20034206761628706,0.41419887838669295
substack:two-principles-on-which-civilized,0.09399212212227803,0.23068163116209678,0.265447549980695,0.02407915603328973,0.3857995407016404
substack:the-value-of-individuality-lessons,0.10706406927379412,0.05910701127566657,0.0800005204214056,0.02738475783187063,0.7264436411972631
wp:posts:39016,0.016861025800008214,0.813086099702326,0.1227579646782815,0.040342590298398436,0.006952319520985718
wp:posts:39047,0.02009443905089276,0.15218791017763877,0.7842629858941432,0.021272530954367576,0.022182133922957967
substack:the-objective-standard-of-morality,0.0034976854857913455,0.03586919812937869,0.008521592995903458,0.0022896236881442176,0.9498218997007822
substack:the-two-state-delusion,0.8336323039816834,0.036798734361229095,0.017528132726097767,0.005795534174739757,0.10624529475624987
wp:posts:39125,0.011065197986745828,0.2908732229968648,0.11830909224531905,0.014917211759076307,0.5648352750119939
substack:the-white-pill-a-tale-of-good-and,0.7113167962891249,0.13969191128219588,0.05682517467582944,0.041364697081173726,0.05080142067167612
substack:charles-sumner-the-antislavery-hero,0.7749742271973172,0.09879148204814728,0.07244377722696264,0.030495422058112787,0.02329509146946013
substack:levelup-2026-will-be-in-chicago,0.14837906439417758,0.5923325351717089,0.1799881815636869,0.06376898634005132,0.015531232530375047
substack:the-giants-who-paved-the-way-for,0.1456191383526702,0.16170935632212508,0.11618245323802721,0.5595068348806386,0.016982217206539196
wp:posts:39235,0.013627384255593136,0.10844815492234017,0.8008499604375398,0.050407268426775655,0.026667231957751385
substack:the-great-contradiction-the-tragic,0.5645457756426747,0.347037390079047,0.04389088607635746,0.025739932462993918,0.018786015738926742
wp:posts:39232,0.2663845985537332,0.2284972648960508,0.4161406243644053,0.07497082494234561,0.014006687243465068
substack:the-objective-vs-the-intrinsic-and,0.023355541839272586,0.7356552347390488,0.06866711299340726,0.1437268412848527,0.028595269143418586
wp:posts:39252,0.012191184201137135,0.1630288819165851,0.12249624212922974,0.038108508859800744,0.6641751828932473
substack:frankenstein-directed-by-guillermo,0.016444077805306424,0.9482072828216697,0.019027752485628203,0.01449111016771253,0.0018297767196834224
wp:posts:39272,0.01411537617409952,0.6927342753932789,0.2626793867871492,0.017926811058567083,0.012544150586904976
wp:posts:39267,0.055052865058921104,0.48104912516734,0.13433164605143702,0.028803132693268306,0.30076323102903363
wp:posts:39276,7.082033206890953e-4,0.995461253379211,0.002315935712427773,8.412324825068871e-4,6.733751051652103e-4
substack:william-f-buckley-cowardly-dishonest,0.09360971643578948,0.31361542040499146,0.012507411129351553,0.007798446974528124,0.5724690050553395
substack:achievement-and-moral-cowardice-who,0.047113611703731774,0.7423054558427946,0.13339863218133105,0.07115567622334,0.00602662404880256
wp:posts:39306,0.010804795990935926,0.05598587171491329,0.19414613903192005,0.016020125313214638,0.7230430679490161
wp:posts:39303,0.0139074103666522,0.25671959177652376,0.11889999403264782,0.06109142471666604,0.5493815791075102
substack:how-goldeneye-brought-james-bond,0.06819677139691309,0.8019986017099971,0.10275941701003652,0.02296722518781798,0.004077984695234937
substack:happy-thanksgiving-from-the-objective-standard,0.12255108406654303,0.2839323182596158,0.12274447371147601,0.036241415186226006,0.43453070877613925
substack:the-winter-2025-issue-of-tos-is-published,0.020448488201859412,0.646325123669386,0.015349426613935202,0.1583084505864581,0.1595685109283614
substack:i-believe-in-humanity-the-defiant,0.12778951294123356,0.5810549878015873,0.10155733963495167,0.1834171027339918,0.0061810568882354885
substack:alex-epstein-on-how-to-excel-as-a,0.007417708775148435,0.6478102927266263,0.3322233427096768,0.0077257975189628965,0.004822858269585616
wp:posts:39364,0.016610481337605724,0.4407530539886469,0.45397406996352285,0.06932375326470584,0.01933864144551871
wp:posts:39361,0.017333191566367222,0.2137477143191724,0.5957106115618088,0.030900967180274887,0.14230751537237668
substack:michael-huemer-and-craig-biddle-discuss,0.02652767429451635,0.718917185201215,0.02614655920387503,0.04904087229038515,0.17936770901000865
substack:help-tos-fight-for-your-values,0.04670515672132307,0.5775847971625694,0.25315185959225583,0.03333080224085212,0.08922738428299956
substack:spring-2026-subscriber-files,0.014757482852865444,0.9737881381604242,0.005084717742731954,0.0033062366171807095,0.003063424626797637
substack:summer-2026-subscriber-files,0.01617376872458699,0.9725604663204969,0.004965002538961746,0.0035521008582723858,0.002748661557682303
substack:tos-weekly-250-years-of-america-the,0.3427472623835724,0.49908077577488746,0.022482620404735844,0.01986306032774441,0.11582628110905985
substack:tos-weekly-airline-boss-points-the,0.14749690382421224,0.8087878035203482,0.022281530161095527,0.010154242773156972,0.011279519721187148
substack:tos-weekly-citizen-vigilante-is-the,0.027670048538966378,0.9303476130049921,0.01683707315305756,0.009393943317699405,0.015751321985284412
substack:tos-weekly-ecofeminism-the-foundations,0.03501948533651729,0.6737458031543754,0.04585252478678363,0.11629510276596164,0.12908708395636218
substack:tos-weekly-epic-theater-a-forgotten,0.011370192014386337,0.9673721492864823,0.011229780419322086,0.0052448279167857945,0.004783050363023256
substack:tos-weekly-getting-nietzsche-right,0.01727730676378415,0.8760652391881532,0.02221452265847545,0.0167378472105662,0.06770508417902109
substack:tos-weekly-how-to-stop-trumps-tyranny,0.13276387785864757,0.5551701145291813,0.07645491135662916,0.02293170565493882,0.21267939060060315
substack:tos-weekly-life-lessons-from-austen,0.012724874646462228,0.8936560525907553,0.04525364211670462,0.03773866192786649,0.01062676871821099
substack:tos-weekly-more-injustice-against,0.015430193062606292,0.9533643886025496,0.014419418313574028,0.009837541988132123,0.006948458033138079
substack:tos-weekly-the-father-of-long-distance,0.017130489884388703,0.9341473539721155,0.027753725904821173,0.01385245074918387,0.0071159794894904696
substack:tos-weekly-the-future-of-ultra-long,0.026386914934211875,0.8278083915043529,0.09702200834925628,0.0406773682187252,0.0081053169934533955
substack:tos-weekly-the-inspirational-friendship,0.01599736069413995,0.8346146241718392,0.1262236159353922,0.010558012284245683,0.012606386914383308
substack:tos-weekly-the-inspiring-individualism,0.07792829413003453,0.7859889949841881,0.020678130321294712,0.00792394567261352,0.10748063489186913
substack:tos-weekly-the-music-of-lowell-george,0.014028137030584637,0.9619257114753741,0.012574662681746111,0.006895900585582228,0.0045755882267128935
substack:tos-weekly-the-odysseys-crucial-flaw,0.015952794973765127,0.9003717095659437,0.050049400285219765,0.026018614449491086,0.007607480725580643
substack:tos-weekly-the-role-of-religion-in,0.02384224787576226,0.9040532866759315,0.017436777944905293,0.025504079047771692,0.029163608455629167
substack:tos-weekly-the-values-of-love-and,0.019545970730341523,0.7764838454307318,0.1474003447165542,0.02672372093116717,0.029846118191205154
substack:tos-weekly-two-new-movies-reflect,0.009351431659801802,0.9675343545760944,0.01174495887171313,0.005410817213727079,0.005958437678663729
substack:tos-weekly-valuing-and-expressing,0.052645162156859875,0.7626644046844684,0.11404852150164099,0.009843388447539106,0.06079852320949148
substack:tos-weekly-will-artemis-succeed-where,0.04187589752476113,0.7061457366638169,0.18274073828679335,0.05779327265163157,0.01144435487299676
substack:zachary-porcu-and-i-discuss-the-foundations,0.02116357105773111,0.8561330464364285,0.04331519053610867,0.017267542381922536,0.06212064958780934
substack:the-death-of-nature-women-ecology,0.24235694132097724,0.2148157881115055,0.05857774768757404,0.465643496812512,0.018606026067431204
substack:my-new-live-show-bring-your-questions,0.017142940720922675,0.472794851205083,0.4148921395600802,0.017262843697317808,0.07790722481659627
substack:the-inspiring-individualism-of-2112,0.046819357194287294,0.6167933580001879,0.19848997943662586,0.13118890450784584,0.006708400861053011
substack:the-enlightenment-the-pursuit-of,0.3136869337987046,0.4940635763266533,0.06467348583116211,0.10534561755568801,0.02223038648779176
substack:two-books-to-help-stop-trumps-tyranny,0.6634994307313872,0.29535847267836385,0.013539747905302022,0.0071489239318104384,0.02045342475313671
substack:character-arcs-and-the-arc-of-your,0.022051198881234364,0.5793198804461384,0.368218079369751,0.025988376704604937,0.004422464598271729
substack:our-souls-were-mates-the-inspiring,0.32006641947055897,0.578274263473519,0.059556820845366246,0.02497192918691207,0.017130567023643833
substack:the-subversive-art-of-a-classical,0.10584085565113056,0.30782508752096716,0.4143209710991863,0.1456965830276708,0.026316502701045155
substack:ten-souring-poems-about-flight,0.1910541782805132,0.07741225962479911,0.07699649262659838,0.6506973825533221,0.0038396869147674273
substack:walt-disney-and-the-business-of-creativity,0.039605243699131036,0.7150155567918434,0.21577068753236617,0.02461762141372166,0.004990890562937849
substack:think-and-fly-high-inspiration-from,0.02266584514638077,0.9098359461601886,0.045126509184205556,0.010739182388558095,0.01163251712066714
substack:can-robots-bring-back-beautiful-buildings,0.5737438503420104,0.2921792334868353,0.04755387264745069,0.08214119958308708,0.004381843940616219
substack:mercy-directed-by-timur-bekmambetov,0.046587141791219804,0.7770840427670029,0.14318207714172812,0.027305869353318725,0.005840868946730527
substack:the-spring-2026-issue-of-the-objective,0.012939975749260953,0.9415888423295247,0.011565563947282975,0.03044217810022018,0.0034634398737111386
wp:posts:39798,0.01387264892347873,0.08648761033807253,0.442843322937976,0.031688992020157916,0.42510742578031474
wp:posts:39808,0.5660940828633239,0.2597530190417609,0.118387867348931,0.02195634043348439,0.03380869031249983
substack:purpose-and-friendship-in-the-persuaders,0.240856693581799,0.4595063912747906,0.09960256602512615,0.19410991508902348,0.005924434029260718
substack:dracula-a-love-tale-2025-a-sincere,0.01278211764470097,0.9638343816407683,0.011786056790545583,0.010258334315119529,0.0013391096088655032
substack:early-bird-savings-for-levelup-end,0.025190915901337586,0.8067797596041025,0.11010554836820313,0.019725831951208618,0.038197944175148185
substack:artemis-ii-takes-the-small-step-but,0.23949978340153733,0.08529642546103175,0.16992262507518655,0.4386863090629062,0.06659485699933818
substack:no-little-featlowell-georges-musical,0.16973014245707366,0.1607002881543857,0.10181068867569687,0.562682326619339,0.005076554093504636
substack:i-am-dynamite-a-life-of-friedrich,0.16310415842085002,0.14243414861466044,0.1741073125484418,0.4359222096958038,0.08443217072024398
substack:hold-back-the-night-the-protomens,0.124722029902161,0.3498471027138244,0.40644027386719206,0.11228796895320511,0.006702624563617709
substack:samuel-morse-the-father-of-long-distance,0.3953830242241348,0.1274691245222089,0.345222916894962,0.10379432271863731,0.028130611640057035
substack:jane-austen-the-secret-radical-by,0.04406350534367949,0.26571088542480836,0.388955537924956,0.05757734839984275,0.24369272290671332
substack:injustice-against-michael-jackson,0.18601551281355,0.7350812755439534,0.04415039840368616,0.03126908288311103,0.0034837303556998016
substack:a-self-authored-victory-how-stepping,0.4485699932373824,0.05605992908695328,0.44788386158778426,0.02841457365399282,0.019071642433887464
substack:proclaiming-liberty-john-adams-thomas,0.7948162942221709,0.12141158880222244,0.0382389136530824,0.012490620449035742,0.033042582873488324
substack:ten-poems-on-america-the-beautiful,0.6005897807928381,0.06355121920231453,0.2599482384126486,0.07356178040700444,0.0023489811851946834
substack:america-the-rational,0.34140221411929095,0.3715508189927572,0.0876792723625551,0.011926130963804562,0.18744156356159208
substack:understanding-the-declaration-of,0.6561937899158875,0.008482690032038711,0.010211332558486507,0.0679247249317191,0.25718746256186814
substack:mother-courage-epic-theater-vs-the,0.19642556331369806,0.1723447638613513,0.2542575111342156,0.3702315440352099,0.006740617655525129
substack:the-summer-2026-issue-of-the-objective,0.17978081931640258,0.7426169861915632,0.0377055509435714,0.019294723174745378,0.020601920373717303
substack:vacation-with-osi-after-levelup-2026,0.024453824557672414,0.7573604699367864,0.1336108568183671,0.07166764343221489,0.012907205254958696
substack:mickey-17-the-importance-of-valuing,0.032624512841958976,0.09778817505592893,0.5941464813639787,0.06641349799664677,0.20902733274148655
substack:the-volunteers-who-turned-failed,0.77078890929829,0.05867486727404721,0.11124639155130699,0.057407083566920175,0.0018827483094352752
substack:i-write-vigilante-thrillersbut-citizen,0.2581649367326386,0.17704913388522098,0.3382982192936791,0.015891741897401893,0.21059596819105944
substack:the-morning-of-acmeism-the-forgotten,0.12213249395276271,0.05620437831691502,0.1496126777152439,0.5457066065821241,0.1263438434329543
substack:odysseus-and-the-limits-of-ancient,0.10414214042968885,0.12725687932412602,0.5326786431362535,0.1705781050771385,0.06534423203279309
substack:citizen-vigilante-is-exactly-what,0.10055471897291679,0.14154889978063112,0.33456757344713867,0.008144445283712543,0.4151843625156008
substack:nolans-odyssey-2026-fails-on-all,0.04791989823464959,0.19832309930873804,0.6279748059140049,0.12364318383510563,0.0021390127075016203
substack:project-sunrise-the-future-of-intercontinental,0.521490160041092,0.20417385815112526,0.11871026522245626,0.15221734274208024,0.0034083738432458973
substack:the-liberating-absolutism-of-objectivism,0.004054831462593174,0.05956275869034597,0.016175593905083944,0.003528341245798509,0.9166784746961784
substack:understanding-the-declaration-of-78c,0.9862461392954913,0.004842763253380907,0.0034020203780213997,0.0010290502267365637,0.0044800268463695055
substack:the-fall-2026-issue-of-the-objective,0.029629188466825707,0.6822537089191308,0.15998643254061676,0.017087789438805498,0.1110428806346214
substack:angel-down-makes-a-mockery-of-pulitzer,0.02707624673341476,0.07221914736092032,0.596238363087409,0.08478379512884225,0.2196824476894137
substack:seeing-people-clearly-lessons-from,0.0014236161978780346,0.07364454008225556,0.9210205678478501,0.003263851645412001,6.474242266045387e-4
substack:why-airlines-suck-ryanair-ceo-points,0.6904376619106884,0.11608755621982564,0.17990092871474755,0.006975344981235497,0.0065985081735024645
substack:getting-in-the-drivers-seat-of-your,0.001324332526981107,0.003043242601025725,0.9910778569665837,0.002859188614327258,0.0016953792910820325
